{
	"name": "Bread",
	"plugin-id": "Sprite",
	"sid": 292221220234219,
	"isGlobal": false,
	"editorNewInstanceIsReplica": true,
	"instanceVariables": [],
	"behaviorTypes": [],
	"effectTypes": [],
	"animations": {
		"items": [
			{
				"frames": [
					{
						"width": 142,
						"height": 152,
						"originX": 0.5,
						"originY": 0.46710526315789475,
						"originalSource": "",
						"exportFormat": "lossless",
						"exportQuality": 0.8,
						"fileType": "image/png",
						"imageSpriteId": 8786457,
						"collisionPoly": {
							"points": [
								0.5704225352112676,
								0.006578947368421052,
								0.852112676056338,
								0.006578947368421052,
								0.9929577464788732,
								0.13815789473684212,
								0.9929577464788732,
								0.46710526315789475,
								0.4295774647887324,
								0.993421052631579,
								0.14788732394366197,
								0.993421052631579,
								0.007042253521126761,
								0.8618421052631579,
								0.007042253521126761,
								0.5328947368421053,
								0.07746478873239436,
								0.40131578947368424,
								0.4295774647887324,
								0.07236842105263158
							]
						},
						"useCollisionPoly": true,
						"duration": 1,
						"tag": ""
					}
				],
				"sid": 117737781089653,
				"name": "Animation 1",
				"isLooping": false,
				"isPingPong": false,
				"repeatCount": 1,
				"repeatTo": 0,
				"speed": 5
			}
		],
		"subfolders": []
	}
}