{
	"name": "GatoParanaense",
	"plugin-id": "Sprite",
	"sid": 183683998539079,
	"isGlobal": false,
	"editorNewInstanceIsReplica": true,
	"instanceVariables": [],
	"behaviorTypes": [],
	"effectTypes": [],
	"animations": {
		"items": [
			{
				"frames": [
					{
						"width": 311,
						"height": 436,
						"originX": 0.4405144694533762,
						"originY": 0.5252293577981652,
						"originalSource": "",
						"exportFormat": "lossless",
						"exportQuality": 0.8,
						"fileType": "image/png",
						"imageSpriteId": 3340802,
						"collisionPoly": {
							"points": [
								0.2958199356913183,
								0.0022935779816513763,
								0.6366559485530546,
								0.04128440366972477,
								0.7717041800643086,
								0.22477064220183487,
								0.9935691318327974,
								0.6995412844036697,
								0.9678456591639871,
								0.896788990825688,
								0.8842443729903537,
								0.9564220183486238,
								0.7170418006430869,
								0.9977064220183486,
								0.19935691318327975,
								0.9747706422018348,
								0.003215434083601286,
								0.3853211009174312,
								0.06430868167202572,
								0.22706422018348624
							]
						},
						"useCollisionPoly": true,
						"duration": 1,
						"tag": ""
					}
				],
				"sid": 739770490226747,
				"name": "Animation 1",
				"isLooping": false,
				"isPingPong": false,
				"repeatCount": 1,
				"repeatTo": 0,
				"speed": 5
			}
		],
		"subfolders": []
	}
}