{
	"name": "Nota",
	"plugin-id": "Sprite",
	"sid": 816814092697710,
	"isGlobal": false,
	"editorNewInstanceIsReplica": true,
	"instanceVariables": [],
	"behaviorTypes": [],
	"effectTypes": [],
	"animations": {
		"items": [
			{
				"frames": [
					{
						"width": 152,
						"height": 122,
						"originX": 0.46710526315789475,
						"originY": 0.5,
						"originalSource": "",
						"exportFormat": "lossless",
						"exportQuality": 0.8,
						"fileType": "image/png",
						"imageSpriteId": 1014100,
						"collisionPoly": {
							"points": [
								0.5328947368421053,
								0.00819672131147541,
								0.6644736842105263,
								0.00819672131147541,
								0.993421052631579,
								0.4180327868852459,
								0.993421052631579,
								0.5,
								0.7960526315789473,
								0.7459016393442623,
								0.5986842105263158,
								0.9098360655737705,
								0.46710526315789475,
								0.9918032786885246,
								0.3355263157894737,
								0.9918032786885246,
								0.006578947368421052,
								0.5819672131147541,
								0.006578947368421052,
								0.5,
								0.13815789473684212,
								0.3360655737704918
							]
						},
						"useCollisionPoly": true,
						"duration": 1,
						"tag": ""
					}
				],
				"sid": 342523527147850,
				"name": "Animation 1",
				"isLooping": false,
				"isPingPong": false,
				"repeatCount": 1,
				"repeatTo": 0,
				"speed": 5
			}
		],
		"subfolders": []
	}
}