{
	"name": "Ricardao",
	"plugin-id": "Sprite",
	"sid": 134449093008794,
	"isGlobal": false,
	"editorNewInstanceIsReplica": true,
	"instanceVariables": [],
	"behaviorTypes": [
		{
			"behaviorId": "TileMovement",
			"name": "MovimentoEmGrid",
			"sid": 298115105929821
		},
		{
			"behaviorId": "bound",
			"name": "RestritoAoLayout",
			"sid": 238572523764798
		},
		{
			"behaviorId": "custom",
			"name": "Personalizado",
			"sid": 998157132879068
		},
		{
			"behaviorId": "MoveTo",
			"name": "MoverPara",
			"sid": 167858959976612
		}
	],
	"effectTypes": [],
	"animations": {
		"items": [
			{
				"frames": [
					{
						"width": 68,
						"height": 134,
						"originX": -1.9558823529411764,
						"originY": 1.4402985074626864,
						"originalSource": "",
						"exportFormat": "lossless",
						"exportQuality": 0.8,
						"fileType": "image/png",
						"imageSpriteId": 5865151,
						"useCollisionPoly": true,
						"duration": 1,
						"tag": ""
					}
				],
				"sid": 285842387023721,
				"name": "Animation 1",
				"isLooping": false,
				"isPingPong": false,
				"repeatCount": 1,
				"repeatTo": 0,
				"speed": 5
			}
		],
		"subfolders": []
	}
}