{
	"name": "Sprite18",
	"plugin-id": "Sprite",
	"sid": 966556020915839,
	"isGlobal": false,
	"editorNewInstanceIsReplica": true,
	"instanceVariables": [],
	"behaviorTypes": [],
	"effectTypes": [],
	"animations": {
		"items": [
			{
				"frames": [
					{
						"width": 600,
						"height": 240,
						"originX": 0.5,
						"originY": 0.5,
						"originalSource": "",
						"exportFormat": "lossless",
						"exportQuality": 0.8,
						"fileType": "image/png",
						"imageSpriteId": 8800233,
						"collisionPoly": {
							"points": [
								0.0016666666666666668,
								0.004166666666666667,
								0.9983333333333333,
								0.004166666666666667,
								0.9983333333333333,
								0.9958333333333333,
								0.0016666666666666668,
								0.9958333333333333
							]
						},
						"useCollisionPoly": true,
						"duration": 1,
						"tag": ""
					}
				],
				"sid": 216861016384934,
				"name": "Animation 1",
				"isLooping": false,
				"isPingPong": false,
				"repeatCount": 1,
				"repeatTo": 0,
				"speed": 5
			}
		],
		"subfolders": []
	}
}