{
	"name": "Sprite12",
	"plugin-id": "Sprite",
	"sid": 288095109409123,
	"isGlobal": false,
	"editorNewInstanceIsReplica": true,
	"instanceVariables": [],
	"behaviorTypes": [],
	"effectTypes": [],
	"animations": {
		"items": [
			{
				"frames": [
					{
						"width": 140,
						"height": 252,
						"originX": 0.44285714285714284,
						"originY": 0.5,
						"originalSource": "",
						"exportFormat": "lossless",
						"exportQuality": 0.8,
						"fileType": "image/png",
						"imageSpriteId": 1969508,
						"collisionPoly": {
							"points": [
								0,
								0.003968253968253968,
								1,
								0.003968253968253968,
								1,
								0.996031746031746,
								0,
								0.996031746031746
							]
						},
						"useCollisionPoly": true,
						"duration": 1,
						"tag": ""
					}
				],
				"sid": 359632555761690,
				"name": "Animation 1",
				"isLooping": false,
				"isPingPong": false,
				"repeatCount": 1,
				"repeatTo": 0,
				"speed": 5
			}
		],
		"subfolders": []
	}
}