{
	"name": "Sprite3",
	"plugin-id": "Sprite",
	"sid": 863692499373819,
	"isGlobal": false,
	"editorNewInstanceIsReplica": true,
	"instanceVariables": [],
	"behaviorTypes": [],
	"effectTypes": [],
	"animations": {
		"items": [
			{
				"frames": [
					{
						"width": 852,
						"height": 263,
						"originX": 0.5,
						"originY": 0.5,
						"originalSource": "",
						"exportFormat": "lossless",
						"exportQuality": 0.8,
						"fileType": "image/png",
						"imageSpriteId": 2915963,
						"collisionPoly": {
							"points": [
								0.0011737089201877935,
								0.0038022813688212928,
								0.9988262910798122,
								0.0038022813688212928,
								0.9988262910798122,
								0.9961977186311787,
								0.0011737089201877935,
								0.9961977186311787
							]
						},
						"useCollisionPoly": true,
						"duration": 1,
						"tag": ""
					}
				],
				"sid": 202094347466081,
				"name": "Animation 1",
				"isLooping": false,
				"isPingPong": false,
				"repeatCount": 1,
				"repeatTo": 0,
				"speed": 5
			}
		],
		"subfolders": []
	}
}