{
	"name": "Sprite29",
	"plugin-id": "Sprite",
	"sid": 972604137538262,
	"isGlobal": false,
	"editorNewInstanceIsReplica": true,
	"instanceVariables": [],
	"behaviorTypes": [],
	"effectTypes": [],
	"animations": {
		"items": [
			{
				"frames": [
					{
						"width": 872,
						"height": 360,
						"originX": 0.5,
						"originY": 0.5,
						"originalSource": "",
						"exportFormat": "lossless",
						"exportQuality": 0.8,
						"fileType": "image/png",
						"imageSpriteId": 1915039,
						"collisionPoly": {
							"points": [
								0.0006738544474393531,
								0.0016286644951140066,
								0.9993261455525606,
								0.0016286644951140066,
								0.9993261455525606,
								0.998371335504886,
								0.0006738544474393531,
								0.998371335504886
							]
						},
						"useCollisionPoly": true,
						"duration": 1,
						"tag": ""
					}
				],
				"sid": 192656372442680,
				"name": "Animation 1",
				"isLooping": false,
				"isPingPong": false,
				"repeatCount": 1,
				"repeatTo": 0,
				"speed": 5
			}
		],
		"subfolders": []
	}
}