{
	"name": "Sprite28",
	"plugin-id": "Sprite",
	"sid": 419850683063392,
	"isGlobal": false,
	"editorNewInstanceIsReplica": true,
	"instanceVariables": [],
	"behaviorTypes": [],
	"effectTypes": [],
	"animations": {
		"items": [
			{
				"frames": [
					{
						"width": 630,
						"height": 260,
						"originX": 0.5,
						"originY": 0.5,
						"originalSource": "",
						"exportFormat": "lossless",
						"exportQuality": 0.8,
						"fileType": "image/png",
						"imageSpriteId": 7212043,
						"collisionPoly": {
							"points": [
								0.0013568521031207597,
								0.003278688524590164,
								0.9986431478968792,
								0.003278688524590164,
								0.9986431478968792,
								0.9967213114754099,
								0.0013568521031207597,
								0.9967213114754099
							]
						},
						"useCollisionPoly": true,
						"duration": 1,
						"tag": ""
					}
				],
				"sid": 885374575960938,
				"name": "Animation 1",
				"isLooping": false,
				"isPingPong": false,
				"repeatCount": 1,
				"repeatTo": 0,
				"speed": 5
			}
		],
		"subfolders": []
	}
}