{
	"name": "Sprite24",
	"plugin-id": "Sprite",
	"sid": 733759348182180,
	"isGlobal": false,
	"editorNewInstanceIsReplica": true,
	"instanceVariables": [],
	"behaviorTypes": [],
	"effectTypes": [],
	"animations": {
		"items": [
			{
				"frames": [
					{
						"width": 789,
						"height": 227,
						"originX": 0.5,
						"originY": 0.5,
						"originalSource": "",
						"exportFormat": "lossless",
						"exportQuality": 0.8,
						"fileType": "image/png",
						"imageSpriteId": 1751550,
						"collisionPoly": {
							"points": [
								0.0012674271229404308,
								0.004405286343612335,
								0.9987325728770595,
								0.004405286343612335,
								0.9987325728770595,
								0.9955947136563876,
								0.0012674271229404308,
								0.9955947136563876
							]
						},
						"useCollisionPoly": true,
						"duration": 1,
						"tag": ""
					}
				],
				"sid": 257672654527155,
				"name": "Animation 1",
				"isLooping": false,
				"isPingPong": false,
				"repeatCount": 1,
				"repeatTo": 0,
				"speed": 5
			}
		],
		"subfolders": []
	}
}