{
	"name": "Sprite26",
	"plugin-id": "Sprite",
	"sid": 158867440366468,
	"isGlobal": false,
	"editorNewInstanceIsReplica": true,
	"instanceVariables": [],
	"behaviorTypes": [],
	"effectTypes": [],
	"animations": {
		"items": [
			{
				"frames": [
					{
						"width": 593,
						"height": 162,
						"originX": 0.5,
						"originY": 0.5,
						"originalSource": "",
						"exportFormat": "lossless",
						"exportQuality": 0.8,
						"fileType": "image/png",
						"imageSpriteId": 9447830,
						"collisionPoly": {
							"points": [
								0.0016863406408094434,
								0.006172839506172839,
								0.9983136593591906,
								0.006172839506172839,
								0.9983136593591906,
								0.9938271604938271,
								0.0016863406408094434,
								0.9938271604938271
							]
						},
						"useCollisionPoly": true,
						"duration": 1,
						"tag": ""
					}
				],
				"sid": 791042396286512,
				"name": "Animation 1",
				"isLooping": false,
				"isPingPong": false,
				"repeatCount": 1,
				"repeatTo": 0,
				"speed": 5
			}
		],
		"subfolders": []
	}
}