{
	"name": "Sprite17",
	"plugin-id": "Sprite",
	"sid": 725565592714251,
	"isGlobal": false,
	"editorNewInstanceIsReplica": true,
	"instanceVariables": [],
	"behaviorTypes": [],
	"effectTypes": [
		{
			"effectId": "pixellate",
			"name": "Pixelar"
		}
	],
	"animations": {
		"items": [
			{
				"frames": [
					{
						"width": 683,
						"height": 716,
						"originX": 0.5183016105417276,
						"originY": 0.43435754189944137,
						"originalSource": "",
						"exportFormat": "lossless",
						"exportQuality": 0.8,
						"fileType": "image/png",
						"imageSpriteId": 2219836,
						"collisionPoly": {
							"points": [
								0.6837481698389458,
								0,
								0.7818448023426061,
								0,
								0.8740849194729137,
								0.009776536312849162,
								0.9985358711566618,
								0.1787709497206704,
								0.8155197657393851,
								0.9972067039106145,
								0.4890190336749634,
								1,
								0.021961932650073207,
								0.9888268156424581,
								0.005856515373352855,
								0.5614525139664804,
								0.016105417276720352,
								0.4958100558659218,
								0.0527086383601757,
								0.4134078212290503,
								0.08784773060029283,
								0.3645251396648045,
								0.5036603221083455,
								0.002793296089385475
							]
						},
						"useCollisionPoly": true,
						"duration": 1,
						"tag": ""
					}
				],
				"sid": 100797742418523,
				"name": "Animation 1",
				"isLooping": false,
				"isPingPong": false,
				"repeatCount": 1,
				"repeatTo": 0,
				"speed": 5
			}
		],
		"subfolders": []
	}
}