{
	"name": "Sprite22",
	"plugin-id": "Sprite",
	"sid": 154707258487806,
	"isGlobal": false,
	"editorNewInstanceIsReplica": true,
	"instanceVariables": [],
	"behaviorTypes": [
		{
			"behaviorId": "Pin",
			"name": "Fixar",
			"sid": 732644255638261
		}
	],
	"effectTypes": [],
	"animations": {
		"items": [
			{
				"frames": [
					{
						"width": 800,
						"height": 600,
						"originX": 0.24375,
						"originY": 0.27666666666666667,
						"originalSource": "",
						"exportFormat": "lossless",
						"exportQuality": 0.8,
						"fileType": "image/png",
						"imageSpriteId": 9909698,
						"collisionPoly": {
							"points": [
								0.003968253968253968,
								0.003968253968253968,
								0.996031746031746,
								0.003968253968253968,
								0.996031746031746,
								0.996031746031746,
								0.003968253968253968,
								0.996031746031746
							]
						},
						"useCollisionPoly": true,
						"duration": 1,
						"tag": ""
					}
				],
				"sid": 961202242408870,
				"name": "Animation 1",
				"isLooping": false,
				"isPingPong": false,
				"repeatCount": 1,
				"repeatTo": 0,
				"speed": 5
			}
		],
		"subfolders": []
	}
}