{
	"name": "Sprite19",
	"plugin-id": "Sprite",
	"sid": 221304481825849,
	"isGlobal": false,
	"editorNewInstanceIsReplica": true,
	"instanceVariables": [],
	"behaviorTypes": [],
	"effectTypes": [],
	"animations": {
		"items": [
			{
				"frames": [
					{
						"width": 2422,
						"height": 1021,
						"originX": 0.5,
						"originY": 0.5,
						"originalSource": "",
						"exportFormat": "lossless",
						"exportQuality": 0.8,
						"fileType": "image/png",
						"imageSpriteId": 2483949,
						"collisionPoly": {
							"points": [
								0.00041288191577208916,
								0.0009794319294809011,
								0.999587118084228,
								0.0009794319294809011,
								0.999587118084228,
								0.9990205680705191,
								0.00041288191577208916,
								0.9990205680705191
							]
						},
						"useCollisionPoly": true,
						"duration": 1,
						"tag": ""
					}
				],
				"sid": 884749380083830,
				"name": "Animation 1",
				"isLooping": false,
				"isPingPong": false,
				"repeatCount": 1,
				"repeatTo": 0,
				"speed": 5
			}
		],
		"subfolders": []
	}
}