{
	"name": "Sprite7",
	"plugin-id": "Sprite",
	"sid": 783334408515359,
	"isGlobal": false,
	"editorNewInstanceIsReplica": true,
	"instanceVariables": [],
	"behaviorTypes": [],
	"effectTypes": [],
	"animations": {
		"items": [
			{
				"frames": [
					{
						"width": 160,
						"height": 160,
						"originX": 0.5,
						"originY": 0.5,
						"originalSource": "",
						"exportFormat": "lossless",
						"exportQuality": 0.8,
						"fileType": "image/webp",
						"imageSpriteId": 2660235,
						"collisionPoly": {
							"points": [
								0.5,
								0.0625,
								0.6875,
								0.0625,
								1,
								0.375,
								1,
								0.6875,
								0.5,
								0.9375,
								0.3125,
								0.9375,
								0,
								0.625,
								0,
								0.3125
							]
						},
						"useCollisionPoly": true,
						"duration": 1,
						"tag": ""
					}
				],
				"sid": 121737295546075,
				"name": "Animation 1",
				"isLooping": false,
				"isPingPong": false,
				"repeatCount": 1,
				"repeatTo": 0,
				"speed": 5
			}
		],
		"subfolders": []
	}
}