{
	"name": "Sprite4",
	"plugin-id": "Sprite",
	"sid": 803216506316930,
	"isGlobal": false,
	"editorNewInstanceIsReplica": true,
	"instanceVariables": [],
	"behaviorTypes": [],
	"effectTypes": [],
	"animations": {
		"items": [
			{
				"frames": [
					{
						"width": 443,
						"height": 137,
						"originX": 0.5,
						"originY": 0.5,
						"originalSource": "",
						"exportFormat": "lossless",
						"exportQuality": 0.8,
						"fileType": "image/png",
						"imageSpriteId": 5406278,
						"collisionPoly": {
							"points": [
								0.0029382230119758064,
								0.010883648613630474,
								0.9970617769880241,
								0.010883648613630474,
								0.9970617769880241,
								0.9891163513863694,
								0.0029382230119758064,
								0.9891163513863694
							]
						},
						"useCollisionPoly": true,
						"duration": 1,
						"tag": ""
					}
				],
				"sid": 414268488522771,
				"name": "Animation 1",
				"isLooping": false,
				"isPingPong": false,
				"repeatCount": 1,
				"repeatTo": 0,
				"speed": 5
			}
		],
		"subfolders": []
	}
}