{
	"name": "Sprite21",
	"plugin-id": "Sprite",
	"sid": 749670994698861,
	"isGlobal": false,
	"editorNewInstanceIsReplica": true,
	"instanceVariables": [],
	"behaviorTypes": [],
	"effectTypes": [],
	"animations": {
		"items": [
			{
				"frames": [
					{
						"width": 185,
						"height": 304,
						"originX": -1.4324324324324325,
						"originY": -0.6875,
						"originalSource": "",
						"exportFormat": "lossless",
						"exportQuality": 0.8,
						"fileType": "image/png",
						"imageSpriteId": 3424308,
						"collisionPoly": {
							"points": [
								0,
								0,
								1,
								0,
								1,
								0.9967105263157895,
								0,
								0.9967105263157895
							]
						},
						"useCollisionPoly": true,
						"duration": 1,
						"tag": ""
					}
				],
				"sid": 848966491825144,
				"name": "Animation 1",
				"isLooping": false,
				"isPingPong": false,
				"repeatCount": 1,
				"repeatTo": 0,
				"speed": 5
			}
		],
		"subfolders": []
	}
}