{
	"name": "Thiago",
	"plugin-id": "Sprite",
	"sid": 215397322790696,
	"isGlobal": false,
	"editorNewInstanceIsReplica": true,
	"instanceVariables": [],
	"behaviorTypes": [
		{
			"behaviorId": "scrollto",
			"name": "CentrarEm",
			"sid": 337333197225620
		},
		{
			"behaviorId": "TileMovement",
			"name": "MovimentoEmGrid",
			"sid": 964882667016578
		}
	],
	"effectTypes": [],
	"animations": {
		"items": [
			{
				"frames": [
					{
						"width": 181,
						"height": 293,
						"originX": 3.386740331491713,
						"originY": 1.542662116040956,
						"originalSource": "",
						"exportFormat": "lossless",
						"exportQuality": 0.8,
						"fileType": "image/png",
						"imageSpriteId": 7715058,
						"collisionPoly": {
							"points": [
								0.36464088397790057,
								0,
								1,
								0.08873720136518772,
								1,
								1,
								1,
								1,
								1,
								1,
								0.19337016574585636,
								1,
								0.09944751381215469,
								0.5324232081911262
							]
						},
						"useCollisionPoly": true,
						"duration": 1,
						"tag": ""
					}
				],
				"sid": 863627870814364,
				"name": "Baixo",
				"isLooping": true,
				"isPingPong": false,
				"repeatCount": 1,
				"repeatTo": 0,
				"speed": 5
			},
			{
				"frames": [
					{
						"width": 181,
						"height": 293,
						"originX": 3.386740331491713,
						"originY": 1.542662116040956,
						"originalSource": "",
						"exportFormat": "lossless",
						"exportQuality": 0.8,
						"fileType": "image/png",
						"imageSpriteId": 8942891,
						"collisionPoly": {
							"points": [
								0.36464088397790057,
								0,
								1,
								0.08873720136518772,
								1,
								1,
								1,
								1,
								1,
								1,
								0.19337016574585636,
								1,
								0.09944751381215469,
								0.5324232081911262
							]
						},
						"useCollisionPoly": true,
						"duration": 1,
						"tag": ""
					}
				],
				"sid": 153201398149392,
				"name": "Cima",
				"isLooping": true,
				"isPingPong": false,
				"repeatCount": 1,
				"repeatTo": 0,
				"speed": 5
			},
			{
				"frames": [
					{
						"width": 167,
						"height": 278,
						"originX": 0.47305389221556887,
						"originY": 0.5215827338129496,
						"originalSource": "",
						"exportFormat": "lossless",
						"exportQuality": 0.8,
						"fileType": "image/png",
						"imageSpriteId": 7841168,
						"collisionPoly": {
							"points": [
								1,
								0,
								1,
								0,
								1,
								1,
								1,
								1,
								1,
								1,
								1,
								1,
								0.8547986899129918,
								0.5618754143442922
							]
						},
						"useCollisionPoly": true,
						"duration": 1,
						"tag": ""
					}
				],
				"sid": 362741439497601,
				"name": "Esquerda",
				"isLooping": true,
				"isPingPong": false,
				"repeatCount": 1,
				"repeatTo": 0,
				"speed": 5
			},
			{
				"frames": [
					{
						"width": 167,
						"height": 278,
						"originX": 3.6706586826347305,
						"originY": 1.6258992805755397,
						"originalSource": "",
						"exportFormat": "lossless",
						"exportQuality": 0.8,
						"fileType": "image/png",
						"imageSpriteId": 529441,
						"collisionPoly": {
							"points": [
								0.1452013100870082,
								0.5618754143442922,
								0,
								1,
								0,
								1,
								0,
								1,
								0,
								1,
								0,
								0,
								0,
								0
							]
						},
						"useCollisionPoly": true,
						"duration": 1,
						"tag": ""
					}
				],
				"sid": 465253317096556,
				"name": "Direita",
				"isLooping": true,
				"isPingPong": false,
				"repeatCount": 1,
				"repeatTo": 0,
				"speed": 5
			}
		],
		"subfolders": []
	}
}