{"propertiesBar":{"properties":[{"name":"Layout","expanded":true,"children":[{"name":"Tamanho","expanded":false,"children":[]},{"name":"Ponto de fuga","expanded":false,"children":[]}]},{"name":"Efeitos","expanded":true,"children":[]},{"name":"Editor","expanded":true,"children":[{"name":"Margens","expanded":false,"children":[]},{"name":"Tamanho do grid","expanded":false,"children":[]},{"name":"Deslocamento do grid","expanded":false,"children":[]}]}],"scrollPosition":0},"layersBar":{"name":"<root>","children":[{"name":"Camada 0","expanded":true,"children":[]}]},"grid":{"show":false,"snap":false,"width":32,"height":32,"offsetX":0,"offsetY":0},"marginWidth":1000,"marginHeight":1000,"showCollisionPolygons":false,"showMeshes":false,"showTranslucentInactiveLayers":false,"showSceneGraphConnections":true,"tabColor":[0.8000000000000002,0.9999999999999999,0.8500000000000001,1],"tabTextColor":null,"layers":[{"name":"Camada 0","propertiesBar":{"properties":[{"name":"Propriedades da camada","expanded":true,"children":[]},{"name":"Centralização e zoom","expanded":true,"children":[{"name":"Parallax","expanded":false,"children":[]}]},{"name":"Aparência","expanded":true,"children":[]},{"name":"Efeitos","expanded":true,"children":[]},{"name":"Editor","expanded":true,"children":[]}],"scrollPosition":0},"visibleInEditor":true,"locked":false,"parallaxInEditor":false,"opacity":1,"translucent":false}],"instancesRoot":{"expanded":true,"subfolders":[],"misc":{"global":true,"layout":[]}},"instanceCollections":[]}