{
	"name": "Layout 1",
	"layers": [
		{
			"name": "Camada 0",
			"overriden": 0,
			"subLayers": [],
			"instances": [
				{
					"type": "PlanoDeFundoEmBlocos",
					"properties": {
						"initially-visible": true,
						"origin": "top-left",
						"wrap-horizontal": "repeat",
						"wrap-vertical": "repeat",
						"image-offset-x": 0,
						"image-offset-y": 0,
						"image-scale-x": 1,
						"image-scale-y": 1,
						"image-angle": 0,
						"enable-tile-randomization": false,
						"x-random": 1,
						"y-random": 1,
						"angle-random": 1,
						"blend-margin-x": 0.1,
						"blend-margin-y": 0.1
					},
					"uid": 2,
					"sid": 359992777966014,
					"tags": "",
					"instanceVariables": {},
					"behaviors": {},
					"instanceFolderItem": {
						"sid": 359992777966014,
						"expanded": true
					},
					"showing": true,
					"locked": false,
					"world": {
						"x": 114,
						"y": 281,
						"width": 512.1809925736354,
						"height": 288.0841516781267,
						"originX": 0,
						"originY": 0,
						"color": [
							1,
							1,
							1,
							1
						],
						"angle": 0,
						"zElevation": 0
					}
				},
				{
					"type": "Thiago",
					"properties": {
						"initially-visible": true,
						"initial-animation": "Baixo",
						"initial-frame": 0,
						"enable-collisions": true,
						"live-preview": false
					},
					"uid": 3,
					"sid": 104578954913118,
					"tags": "",
					"instanceVariables": {},
					"behaviors": {
						"CentrarEm": {
							"properties": {
								"enabled": true
							}
						},
						"MovimentoEmGrid": {
							"properties": {
								"grid-width": 15,
								"grid-height": 15,
								"grid-offset-x": 0,
								"grid-offset-y": 0,
								"speed-x": 100,
								"speed-y": 100,
								"enabled": true,
								"default-controls": true,
								"isometric": false
							}
						}
					},
					"instanceFolderItem": {
						"sid": 104578954913118,
						"expanded": true
					},
					"showing": true,
					"locked": false,
					"world": {
						"x": 240,
						"y": 456,
						"width": 33.3552722400961,
						"height": 56.7021080492452,
						"originX": 3.386740331491713,
						"originY": 1.542662116040956,
						"color": [
							1,
							1,
							1,
							1
						],
						"angle": 0,
						"zElevation": 0
					}
				},
				{
					"type": "Sprite2",
					"properties": {
						"initially-visible": true,
						"initial-animation": "Animation 1",
						"initial-frame": 0,
						"enable-collisions": true,
						"live-preview": false
					},
					"uid": 7,
					"sid": 117315887153573,
					"tags": "",
					"instanceVariables": {},
					"behaviors": {},
					"instanceFolderItem": {
						"sid": 117315887153573,
						"expanded": true
					},
					"showing": true,
					"locked": false,
					"world": {
						"x": 1651,
						"y": 1471,
						"width": 325.5751093825961,
						"height": 89.41461005034671,
						"originX": 0.5,
						"originY": 0.5,
						"color": [
							1,
							1,
							1,
							1
						],
						"angle": 0,
						"zElevation": 0
					}
				},
				{
					"type": "Sprite6",
					"properties": {
						"initially-visible": true,
						"initial-animation": "Animation 1",
						"initial-frame": 0,
						"enable-collisions": true,
						"live-preview": false
					},
					"uid": 5,
					"sid": 932914966611506,
					"tags": "",
					"instanceVariables": {},
					"behaviors": {},
					"instanceFolderItem": {
						"sid": 932914966611506,
						"expanded": true
					},
					"showing": true,
					"locked": false,
					"world": {
						"x": 203,
						"y": 545,
						"width": 48.9340140752073,
						"height": 37.13137735590104,
						"originX": 0.5,
						"originY": 0.5,
						"color": [
							1,
							1,
							1,
							1
						],
						"angle": 0,
						"zElevation": 0
					}
				},
				{
					"type": "Sprite7",
					"properties": {
						"initially-visible": true,
						"initial-animation": "Animation 1",
						"initial-frame": 0,
						"enable-collisions": true,
						"live-preview": false
					},
					"uid": 23,
					"sid": 591969790341413,
					"tags": "",
					"instanceVariables": {},
					"behaviors": {},
					"instanceFolderItem": {
						"sid": 591969790341413,
						"expanded": true
					},
					"showing": true,
					"locked": false,
					"world": {
						"x": 490,
						"y": 354,
						"width": 37.99758379296875,
						"height": 39.92486851990937,
						"originX": 0.5,
						"originY": 0.5,
						"color": [
							1,
							1,
							1,
							1
						],
						"angle": 0,
						"zElevation": 0
					}
				},
				{
					"type": "PlanoDeFundoEmBlocos2",
					"properties": {
						"initially-visible": true,
						"origin": "top-left",
						"wrap-horizontal": "repeat",
						"wrap-vertical": "repeat",
						"image-offset-x": 0,
						"image-offset-y": 0,
						"image-scale-x": 1,
						"image-scale-y": 1,
						"image-angle": 0,
						"enable-tile-randomization": false,
						"x-random": 1,
						"y-random": 1,
						"angle-random": 1,
						"blend-margin-x": 0.1,
						"blend-margin-y": 0.1
					},
					"uid": 24,
					"sid": 442762405498940,
					"tags": "",
					"instanceVariables": {},
					"behaviors": {},
					"instanceFolderItem": {
						"sid": 442762405498940,
						"expanded": true
					},
					"showing": true,
					"locked": false,
					"world": {
						"x": 1031,
						"y": 572,
						"width": 376.4838467317819,
						"height": 260.0300525920367,
						"originX": 0,
						"originY": 0,
						"color": [
							1,
							1,
							1,
							1
						],
						"angle": 0,
						"zElevation": 0
					}
				},
				{
					"type": "Sprite8",
					"properties": {
						"initially-visible": true,
						"initial-animation": "Animation 1",
						"initial-frame": 0,
						"enable-collisions": true,
						"live-preview": false
					},
					"uid": 25,
					"sid": 758309960668336,
					"tags": "",
					"instanceVariables": {},
					"behaviors": {
						"Sólido": {
							"properties": {
								"enabled": false,
								"tags": ""
							}
						}
					},
					"instanceFolderItem": {
						"sid": 758309960668336,
						"expanded": true
					},
					"showing": true,
					"locked": false,
					"world": {
						"x": 161,
						"y": 320,
						"width": 39.631855747557324,
						"height": 65.00282485217356,
						"originX": 0.5,
						"originY": 0.5,
						"color": [
							1,
							1,
							1,
							1
						],
						"angle": 0,
						"zElevation": 0
					}
				},
				{
					"type": "Texto4",
					"properties": {
						"text": "A chave não entra e as correntes não permitem abrir.",
						"enable-bbcode": true,
						"font": "Arial",
						"size": 12,
						"line-height": 0,
						"bold": false,
						"italic": false,
						"color": [
							0.10588235294117647,
							0.22745098039215686,
							0.07450980392156863,
							1
						],
						"horizontal-alignment": "left",
						"vertical-alignment": "top",
						"wrapping": "word",
						"text-direction": "ltr",
						"icon-set": -1,
						"initially-visible": false,
						"origin": "top-left",
						"read-aloud": false
					},
					"uid": 26,
					"sid": 162811968429860,
					"tags": "",
					"instanceVariables": {},
					"behaviors": {},
					"instanceFolderItem": {
						"sid": 162811968429860,
						"expanded": true
					},
					"showing": true,
					"locked": false,
					"world": {
						"x": 187,
						"y": 299,
						"width": 233.8218289420384,
						"height": 84.3284482034035,
						"originX": 0,
						"originY": 0,
						"color": [
							1,
							1,
							1,
							1
						],
						"angle": 0,
						"zElevation": 0
					}
				},
				{
					"type": "BarreiraInv",
					"properties": {
						"initially-visible": true,
						"initial-animation": "Animation 1",
						"initial-frame": 0,
						"enable-collisions": true,
						"live-preview": false
					},
					"uid": 28,
					"sid": 756953219198630,
					"tags": "",
					"instanceVariables": {},
					"behaviors": {
						"Sólido": {
							"properties": {
								"enabled": true,
								"tags": ""
							}
						}
					},
					"instanceFolderItem": {
						"sid": 756953219198630,
						"expanded": true
					},
					"showing": true,
					"locked": false,
					"world": {
						"x": 382,
						"y": 605,
						"width": 545.6025787427031,
						"height": 42.81295757692896,
						"originX": 0.5,
						"originY": 0.5,
						"color": [
							1,
							1,
							1,
							1
						],
						"angle": 0,
						"zElevation": 0
					}
				},
				{
					"type": "BarreiraInv",
					"properties": {
						"initially-visible": true,
						"initial-animation": "Animation 1",
						"initial-frame": 0,
						"enable-collisions": true,
						"live-preview": false
					},
					"uid": 29,
					"sid": 299659115132063,
					"tags": "",
					"instanceVariables": {},
					"behaviors": {
						"Sólido": {
							"properties": {
								"enabled": true,
								"tags": ""
							}
						}
					},
					"instanceFolderItem": {
						"sid": 299659115132063,
						"expanded": true
					},
					"showing": true,
					"locked": false,
					"world": {
						"x": 631,
						"y": 428,
						"width": 8.412496098072666,
						"height": 314.36096659342877,
						"originX": 0.5,
						"originY": 0.5,
						"color": [
							1,
							1,
							1,
							1
						],
						"angle": 0,
						"zElevation": 0
					}
				},
				{
					"type": "BarreiraInv",
					"properties": {
						"initially-visible": true,
						"initial-animation": "Animation 1",
						"initial-frame": 0,
						"enable-collisions": true,
						"live-preview": false
					},
					"uid": 30,
					"sid": 627736977149752,
					"tags": "",
					"instanceVariables": {},
					"behaviors": {
						"Sólido": {
							"properties": {
								"enabled": true,
								"tags": ""
							}
						}
					},
					"instanceFolderItem": {
						"sid": 627736977149752,
						"expanded": true
					},
					"showing": true,
					"locked": false,
					"world": {
						"x": 98,
						"y": 257,
						"width": 22.68747731520267,
						"height": 353.10597034928196,
						"originX": 0.5,
						"originY": 0.5,
						"color": [
							1,
							1,
							1,
							1
						],
						"angle": 0,
						"zElevation": 0
					}
				},
				{
					"type": "EventoArmario",
					"properties": {
						"initially-visible": true,
						"initial-animation": "Animation 1",
						"initial-frame": 0,
						"enable-collisions": true,
						"live-preview": false
					},
					"uid": 20,
					"sid": 436390017396114,
					"tags": "",
					"instanceVariables": {},
					"behaviors": {},
					"instanceFolderItem": {
						"sid": 436390017396114,
						"expanded": true
					},
					"showing": true,
					"locked": false,
					"world": {
						"x": 593,
						"y": 491,
						"width": 66.20723325008186,
						"height": 147.94309449726157,
						"originX": 0.5,
						"originY": 0.5,
						"color": [
							1,
							1,
							1,
							1
						],
						"angle": 0,
						"zElevation": 0
					}
				},
				{
					"type": "Sprite14",
					"properties": {
						"initially-visible": true,
						"initial-animation": "Animation 1",
						"initial-frame": 0,
						"enable-collisions": true,
						"live-preview": false
					},
					"uid": 34,
					"sid": 395021597102199,
					"tags": "",
					"instanceVariables": {},
					"behaviors": {
						"Sólido": {
							"properties": {
								"enabled": true,
								"tags": ""
							}
						}
					},
					"instanceFolderItem": {
						"sid": 395021597102199,
						"expanded": true
					},
					"showing": true,
					"locked": false,
					"world": {
						"x": 298,
						"y": 835,
						"width": 372,
						"height": 33,
						"originX": 0.5,
						"originY": 0.5,
						"color": [
							1,
							1,
							1,
							1
						],
						"angle": 0,
						"zElevation": 0
					}
				},
				{
					"type": "Sprite14",
					"properties": {
						"initially-visible": true,
						"initial-animation": "Animation 1",
						"initial-frame": 0,
						"enable-collisions": true,
						"live-preview": false
					},
					"uid": 36,
					"sid": 496616527598228,
					"tags": "",
					"instanceVariables": {},
					"behaviors": {
						"Sólido": {
							"properties": {
								"enabled": true,
								"tags": ""
							}
						}
					},
					"instanceFolderItem": {
						"sid": 496616527598228,
						"expanded": true
					},
					"showing": true,
					"locked": false,
					"world": {
						"x": -16,
						"y": 1147,
						"width": 256,
						"height": 111,
						"originX": 0.5,
						"originY": 0.5,
						"color": [
							1,
							1,
							1,
							1
						],
						"angle": 0,
						"zElevation": 0
					}
				},
				{
					"type": "Sprite14",
					"properties": {
						"initially-visible": true,
						"initial-animation": "Animation 1",
						"initial-frame": 0,
						"enable-collisions": true,
						"live-preview": false
					},
					"uid": 37,
					"sid": 942069283462209,
					"tags": "",
					"instanceVariables": {},
					"behaviors": {
						"Sólido": {
							"properties": {
								"enabled": true,
								"tags": ""
							}
						}
					},
					"instanceFolderItem": {
						"sid": 942069283462209,
						"expanded": true
					},
					"showing": true,
					"locked": false,
					"world": {
						"x": -37,
						"y": 743,
						"width": 372,
						"height": 134,
						"originX": 0.5,
						"originY": 0.5,
						"color": [
							1,
							1,
							1,
							1
						],
						"angle": 0,
						"zElevation": 0
					}
				},
				{
					"type": "Sprite15",
					"properties": {
						"initially-visible": true,
						"initial-animation": "Animation 1",
						"initial-frame": 0,
						"enable-collisions": true,
						"live-preview": false
					},
					"uid": 38,
					"sid": 372887778395089,
					"tags": "",
					"instanceVariables": {},
					"behaviors": {},
					"instanceFolderItem": {
						"sid": 372887778395089,
						"expanded": true
					},
					"showing": true,
					"locked": false,
					"world": {
						"x": 960,
						"y": 1236,
						"width": 877,
						"height": 906,
						"originX": 0.5,
						"originY": 0.5,
						"color": [
							1,
							1,
							1,
							0.5
						],
						"angle": 0,
						"zElevation": 0
					}
				},
				{
					"type": "Correntes",
					"properties": {
						"initially-visible": true,
						"initial-animation": "Animation 1",
						"initial-frame": 0,
						"enable-collisions": true,
						"live-preview": false
					},
					"uid": 39,
					"sid": 335876172675890,
					"tags": "",
					"instanceVariables": {},
					"behaviors": {},
					"instanceFolderItem": {
						"sid": 335876172675890,
						"expanded": true
					},
					"showing": true,
					"locked": false,
					"world": {
						"x": 575,
						"y": 328,
						"width": 45,
						"height": 76,
						"originX": 0.5,
						"originY": 0.5,
						"color": [
							1,
							1,
							1,
							1
						],
						"angle": 6.2661994886622505,
						"zElevation": 0
					}
				},
				{
					"type": "Sprite15",
					"properties": {
						"initially-visible": true,
						"initial-animation": "Animation 1",
						"initial-frame": 0,
						"enable-collisions": true,
						"live-preview": false
					},
					"uid": 40,
					"sid": 409251019041997,
					"tags": "",
					"instanceVariables": {},
					"behaviors": {},
					"instanceFolderItem": {
						"sid": 409251019041997,
						"expanded": true
					},
					"showing": true,
					"locked": false,
					"world": {
						"x": -119,
						"y": 317,
						"width": 463,
						"height": 1225,
						"originX": 0.5,
						"originY": 0.5,
						"color": [
							1,
							1,
							1,
							0.5
						],
						"angle": 0,
						"zElevation": 0
					}
				},
				{
					"type": "Sprite15",
					"properties": {
						"initially-visible": true,
						"initial-animation": "Animation 1",
						"initial-frame": 0,
						"enable-collisions": true,
						"live-preview": false
					},
					"uid": 41,
					"sid": 586728587772117,
					"tags": "",
					"instanceVariables": {},
					"behaviors": {},
					"instanceFolderItem": {
						"sid": 586728587772117,
						"expanded": true
					},
					"showing": true,
					"locked": false,
					"world": {
						"x": 371,
						"y": 1014,
						"width": 508,
						"height": 906,
						"originX": 0.5,
						"originY": 0.5,
						"color": [
							1,
							1,
							1,
							0.5
						],
						"angle": 0,
						"zElevation": 0
					}
				},
				{
					"type": "Sprite16",
					"properties": {
						"initially-visible": true,
						"initial-animation": "Animation 1",
						"initial-frame": 0,
						"enable-collisions": true,
						"live-preview": false
					},
					"uid": 22,
					"sid": 311285809056580,
					"tags": "",
					"instanceVariables": {},
					"behaviors": {
						"Fixar": {
							"properties": {
								"destroy": false
							}
						}
					},
					"instanceFolderItem": {
						"sid": 311285809056580,
						"expanded": true
					},
					"showing": true,
					"locked": false,
					"world": {
						"x": 549,
						"y": 1124,
						"width": 245,
						"height": 85,
						"originX": 0.5,
						"originY": 0.5,
						"color": [
							1,
							1,
							1,
							1
						],
						"angle": 0,
						"zElevation": 0
					}
				},
				{
					"type": "Sprite15",
					"properties": {
						"initially-visible": true,
						"initial-animation": "Animation 1",
						"initial-frame": 0,
						"enable-collisions": true,
						"live-preview": false
					},
					"uid": 33,
					"sid": 121774401456927,
					"tags": "",
					"instanceVariables": {},
					"behaviors": {},
					"instanceFolderItem": {
						"sid": 121774401456927,
						"expanded": true
					},
					"showing": true,
					"locked": false,
					"world": {
						"x": -116,
						"y": 743,
						"width": 459.1538716919111,
						"height": 906,
						"originX": 0.5,
						"originY": 0.5,
						"color": [
							1,
							1,
							1,
							0.5
						],
						"angle": 0,
						"zElevation": 0
					}
				},
				{
					"type": "Sprite15",
					"properties": {
						"initially-visible": true,
						"initial-animation": "Animation 1",
						"initial-frame": 0,
						"enable-collisions": true,
						"live-preview": false
					},
					"uid": 35,
					"sid": 941279546321376,
					"tags": "",
					"instanceVariables": {},
					"behaviors": {},
					"instanceFolderItem": {
						"sid": 941279546321376,
						"expanded": true
					},
					"showing": true,
					"locked": false,
					"world": {
						"x": 369,
						"y": 1013,
						"width": 524,
						"height": 906,
						"originX": 0.5,
						"originY": 0.5,
						"color": [
							1,
							1,
							1,
							0.5
						],
						"angle": 0,
						"zElevation": 0
					}
				},
				{
					"type": "Sprite15",
					"properties": {
						"initially-visible": true,
						"initial-animation": "Animation 1",
						"initial-frame": 0,
						"enable-collisions": true,
						"live-preview": false
					},
					"uid": 42,
					"sid": 923026184504343,
					"tags": "",
					"instanceVariables": {},
					"behaviors": {},
					"instanceFolderItem": {
						"sid": 923026184504343,
						"expanded": true
					},
					"showing": true,
					"locked": false,
					"world": {
						"x": 370,
						"y": 1016,
						"width": 512,
						"height": 906,
						"originX": 0.5,
						"originY": 0.5,
						"color": [
							1,
							1,
							1,
							0.5
						],
						"angle": 0,
						"zElevation": 0
					}
				},
				{
					"type": "Sprite15",
					"properties": {
						"initially-visible": true,
						"initial-animation": "Animation 1",
						"initial-frame": 0,
						"enable-collisions": true,
						"live-preview": false
					},
					"uid": 43,
					"sid": 245481499868316,
					"tags": "",
					"instanceVariables": {},
					"behaviors": {},
					"instanceFolderItem": {
						"sid": 245481499868316,
						"expanded": true
					},
					"showing": true,
					"locked": false,
					"world": {
						"x": 885,
						"y": 736,
						"width": 524,
						"height": 906,
						"originX": 0.5,
						"originY": 0.5,
						"color": [
							1,
							1,
							1,
							0.5
						],
						"angle": 0,
						"zElevation": 0
					}
				},
				{
					"type": "Sprite15",
					"properties": {
						"initially-visible": true,
						"initial-animation": "Animation 1",
						"initial-frame": 0,
						"enable-collisions": true,
						"live-preview": false
					},
					"uid": 44,
					"sid": 596893613460666,
					"tags": "",
					"instanceVariables": {},
					"behaviors": {},
					"instanceFolderItem": {
						"sid": 596893613460666,
						"expanded": true
					},
					"showing": true,
					"locked": false,
					"world": {
						"x": 886,
						"y": 739,
						"width": 512,
						"height": 906,
						"originX": 0.5,
						"originY": 0.5,
						"color": [
							1,
							1,
							1,
							0.5
						],
						"angle": 0,
						"zElevation": 0
					}
				},
				{
					"type": "Sprite15",
					"properties": {
						"initially-visible": true,
						"initial-animation": "Animation 1",
						"initial-frame": 0,
						"enable-collisions": true,
						"live-preview": false
					},
					"uid": 45,
					"sid": 703101584514541,
					"tags": "",
					"instanceVariables": {},
					"behaviors": {},
					"instanceFolderItem": {
						"sid": 703101584514541,
						"expanded": true
					},
					"showing": true,
					"locked": false,
					"world": {
						"x": 881,
						"y": 741,
						"width": 512,
						"height": 906,
						"originX": 0.5,
						"originY": 0.5,
						"color": [
							1,
							1,
							1,
							0.5
						],
						"angle": 0,
						"zElevation": 0
					}
				},
				{
					"type": "PlanoDeFundoEmBlocos5",
					"properties": {
						"initially-visible": true,
						"origin": "top-left",
						"wrap-horizontal": "repeat",
						"wrap-vertical": "repeat",
						"image-offset-x": 0,
						"image-offset-y": 0,
						"image-scale-x": 1,
						"image-scale-y": 1,
						"image-angle": 0,
						"enable-tile-randomization": false,
						"x-random": 1,
						"y-random": 1,
						"angle-random": 1,
						"blend-margin-x": 0.1,
						"blend-margin-y": 0.1
					},
					"uid": 18,
					"sid": 771393257625965,
					"tags": "",
					"instanceVariables": {},
					"behaviors": {},
					"instanceFolderItem": {
						"sid": 771393257625965,
						"expanded": true
					},
					"showing": true,
					"locked": false,
					"world": {
						"x": 114,
						"y": -17,
						"width": 544,
						"height": 294,
						"originX": 0,
						"originY": 0,
						"color": [
							1,
							1,
							1,
							1
						],
						"angle": 0,
						"zElevation": 0
					}
				},
				{
					"type": "Sprite15",
					"properties": {
						"initially-visible": true,
						"initial-animation": "Animation 1",
						"initial-frame": 0,
						"enable-collisions": true,
						"live-preview": false
					},
					"uid": 64,
					"sid": 525411470769731,
					"tags": "",
					"instanceVariables": {},
					"behaviors": {},
					"instanceFolderItem": {
						"sid": 525411470769731,
						"expanded": true
					},
					"showing": true,
					"locked": false,
					"world": {
						"x": 386,
						"y": -158,
						"width": 548.1532077022233,
						"height": 272.5404638328403,
						"originX": 0.5,
						"originY": 0.5,
						"color": [
							1,
							1,
							1,
							0.5
						],
						"angle": 0,
						"zElevation": 0
					}
				},
				{
					"type": "BarreiraInv",
					"properties": {
						"initially-visible": true,
						"initial-animation": "Animation 1",
						"initial-frame": 0,
						"enable-collisions": true,
						"live-preview": false
					},
					"uid": 9,
					"sid": 951933204798381,
					"tags": "",
					"instanceVariables": {},
					"behaviors": {
						"Sólido": {
							"properties": {
								"enabled": true,
								"tags": ""
							}
						}
					},
					"instanceFolderItem": {
						"sid": 951933204798381,
						"expanded": true
					},
					"showing": true,
					"locked": false,
					"world": {
						"x": 410,
						"y": 304,
						"width": 430.8392986929481,
						"height": 37.766580760781856,
						"originX": 0.5,
						"originY": 0.5,
						"color": [
							1,
							1,
							1,
							1
						],
						"angle": 0,
						"zElevation": 0
					}
				},
				{
					"type": "Sprite15",
					"properties": {
						"initially-visible": true,
						"initial-animation": "Animation 1",
						"initial-frame": 0,
						"enable-collisions": true,
						"live-preview": false
					},
					"uid": 32,
					"sid": 618115019618822,
					"tags": "",
					"instanceVariables": {},
					"behaviors": {},
					"instanceFolderItem": {
						"sid": 618115019618822,
						"expanded": true
					},
					"showing": true,
					"locked": false,
					"world": {
						"x": -111,
						"y": 3,
						"width": 452,
						"height": 571,
						"originX": 0.5,
						"originY": 0.5,
						"color": [
							1,
							1,
							1,
							0.5
						],
						"angle": 0,
						"zElevation": 0
					}
				},
				{
					"type": "Sprite15",
					"properties": {
						"initially-visible": true,
						"initial-animation": "Animation 1",
						"initial-frame": 0,
						"enable-collisions": true,
						"live-preview": false
					},
					"uid": 46,
					"sid": 265666700717205,
					"tags": "",
					"instanceVariables": {},
					"behaviors": {},
					"instanceFolderItem": {
						"sid": 265666700717205,
						"expanded": true
					},
					"showing": true,
					"locked": false,
					"world": {
						"x": 810,
						"y": 196,
						"width": 303,
						"height": 176,
						"originX": 0.5,
						"originY": 0.5,
						"color": [
							1,
							1,
							1,
							0.5
						],
						"angle": 0,
						"zElevation": 0
					}
				},
				{
					"type": "Sprite15",
					"properties": {
						"initially-visible": true,
						"initial-animation": "Animation 1",
						"initial-frame": 0,
						"enable-collisions": true,
						"live-preview": false
					},
					"uid": 47,
					"sid": 449842082468656,
					"tags": "",
					"instanceVariables": {},
					"behaviors": {},
					"instanceFolderItem": {
						"sid": 449842082468656,
						"expanded": true
					},
					"showing": true,
					"locked": false,
					"world": {
						"x": 810,
						"y": 58,
						"width": 306,
						"height": 471,
						"originX": 0.5,
						"originY": 0.5,
						"color": [
							1,
							1,
							1,
							0.5
						],
						"angle": 0,
						"zElevation": 0
					}
				},
				{
					"type": "Sprite15",
					"properties": {
						"initially-visible": true,
						"initial-animation": "Animation 1",
						"initial-frame": 0,
						"enable-collisions": true,
						"live-preview": false
					},
					"uid": 48,
					"sid": 767337046349499,
					"tags": "",
					"instanceVariables": {},
					"behaviors": {},
					"instanceFolderItem": {
						"sid": 767337046349499,
						"expanded": true
					},
					"showing": true,
					"locked": false,
					"world": {
						"x": 812,
						"y": 62,
						"width": 305,
						"height": 458,
						"originX": 0.5,
						"originY": 0.5,
						"color": [
							1,
							1,
							1,
							0.5
						],
						"angle": 0,
						"zElevation": 0
					}
				},
				{
					"type": "Sprite15",
					"properties": {
						"initially-visible": true,
						"initial-animation": "Animation 1",
						"initial-frame": 0,
						"enable-collisions": true,
						"live-preview": false
					},
					"uid": 63,
					"sid": 732779013910780,
					"tags": "",
					"instanceVariables": {},
					"behaviors": {},
					"instanceFolderItem": {
						"sid": 732779013910780,
						"expanded": true
					},
					"showing": true,
					"locked": false,
					"world": {
						"x": -116.73072453915563,
						"y": 486,
						"width": 450.4615134644081,
						"height": 1035.064173515207,
						"originX": 0.5,
						"originY": 0.5,
						"color": [
							1,
							1,
							1,
							0.5
						],
						"angle": 0,
						"zElevation": 0
					}
				},
				{
					"type": "BarreiraInv",
					"properties": {
						"initially-visible": true,
						"initial-animation": "Animation 1",
						"initial-frame": 0,
						"enable-collisions": true,
						"live-preview": false
					},
					"uid": 54,
					"sid": 691194192206380,
					"tags": "",
					"instanceVariables": {},
					"behaviors": {
						"Sólido": {
							"properties": {
								"enabled": true,
								"tags": ""
							}
						}
					},
					"instanceFolderItem": {
						"sid": 691194192206380,
						"expanded": true
					},
					"showing": true,
					"locked": false,
					"world": {
						"x": 107,
						"y": 129,
						"width": 37.53244530258712,
						"height": 348.8413772518736,
						"originX": 0.5,
						"originY": 0.5,
						"color": [
							1,
							1,
							1,
							1
						],
						"angle": 0,
						"zElevation": 0
					}
				},
				{
					"type": "PuzzleBebedouro",
					"properties": {
						"initially-visible": true,
						"initial-animation": "Animation 1",
						"initial-frame": 0,
						"enable-collisions": true,
						"live-preview": false
					},
					"uid": 61,
					"sid": 188967338230539,
					"tags": "",
					"instanceVariables": {},
					"behaviors": {},
					"instanceFolderItem": {
						"sid": 188967338230539,
						"expanded": true
					},
					"showing": true,
					"locked": false,
					"world": {
						"x": 328,
						"y": 141,
						"width": 26.92455813084206,
						"height": 42.309093370920465,
						"originX": 0.5,
						"originY": 0.5,
						"color": [
							1,
							1,
							1,
							1
						],
						"angle": 0,
						"zElevation": 0
					}
				},
				{
					"type": "WhatsApp_Image_20250829_at_114544removebgpreview",
					"properties": {
						"initially-visible": true,
						"initial-animation": "Default",
						"initial-frame": 0,
						"enable-collisions": true,
						"live-preview": false
					},
					"uid": 51,
					"sid": 750958234559035,
					"tags": "",
					"instanceVariables": {},
					"behaviors": {},
					"instanceFolderItem": {
						"sid": 750958234559035,
						"expanded": true
					},
					"showing": true,
					"locked": false,
					"world": {
						"x": 469,
						"y": 535,
						"width": 45.254901960784316,
						"height": 48.32352941176471,
						"originX": 0.5357142857142857,
						"originY": 0.5049751243781094,
						"color": [
							1,
							1,
							1,
							1
						],
						"angle": 0,
						"zElevation": 0
					}
				},
				{
					"type": "BarreiraInv",
					"properties": {
						"initially-visible": true,
						"initial-animation": "Animation 1",
						"initial-frame": 0,
						"enable-collisions": true,
						"live-preview": false
					},
					"uid": 66,
					"sid": 574599803405206,
					"tags": "",
					"instanceVariables": {},
					"behaviors": {
						"Sólido": {
							"properties": {
								"enabled": true,
								"tags": ""
							}
						}
					},
					"instanceFolderItem": {
						"sid": 574599803405206,
						"expanded": true
					},
					"showing": true,
					"locked": false,
					"world": {
						"x": 379,
						"y": -62,
						"width": 656.1685064290108,
						"height": 81.12031137002754,
						"originX": 0.5,
						"originY": 0.5,
						"color": [
							1,
							1,
							1,
							1
						],
						"angle": 0,
						"zElevation": 0
					}
				},
				{
					"type": "BarreiraInv",
					"properties": {
						"initially-visible": true,
						"initial-animation": "Animation 1",
						"initial-frame": 0,
						"enable-collisions": true,
						"live-preview": false
					},
					"uid": 62,
					"sid": 738083096180580,
					"tags": "",
					"instanceVariables": {},
					"behaviors": {
						"Sólido": {
							"properties": {
								"enabled": true,
								"tags": ""
							}
						}
					},
					"instanceFolderItem": {
						"sid": 738083096180580,
						"expanded": true
					},
					"showing": true,
					"locked": false,
					"world": {
						"x": 503,
						"y": 147,
						"width": 324.92530951115856,
						"height": 77.27418306193857,
						"originX": 0.5,
						"originY": 0.5,
						"color": [
							1,
							1,
							1,
							1
						],
						"angle": 0,
						"zElevation": 0
					}
				},
				{
					"type": "BarreiraInv",
					"properties": {
						"initially-visible": true,
						"initial-animation": "Animation 1",
						"initial-frame": 0,
						"enable-collisions": true,
						"live-preview": false
					},
					"uid": 67,
					"sid": 325829461958224,
					"tags": "",
					"instanceVariables": {},
					"behaviors": {
						"Sólido": {
							"properties": {
								"enabled": true,
								"tags": ""
							}
						}
					},
					"instanceFolderItem": {
						"sid": 325829461958224,
						"expanded": true
					},
					"showing": true,
					"locked": false,
					"world": {
						"x": 686,
						"y": 173,
						"width": 56.2686553126685,
						"height": 407.3522233890808,
						"originX": 0.5,
						"originY": 0.5,
						"color": [
							1,
							1,
							1,
							1
						],
						"angle": 0,
						"zElevation": 0
					}
				},
				{
					"type": "BarreiraInv",
					"properties": {
						"initially-visible": true,
						"initial-animation": "Animation 1",
						"initial-frame": 0,
						"enable-collisions": true,
						"live-preview": false
					},
					"uid": 55,
					"sid": 466492027530722,
					"tags": "",
					"instanceVariables": {},
					"behaviors": {
						"Sólido": {
							"properties": {
								"enabled": true,
								"tags": ""
							}
						}
					},
					"instanceFolderItem": {
						"sid": 466492027530722,
						"expanded": true
					},
					"showing": true,
					"locked": false,
					"world": {
						"x": 396,
						"y": -39,
						"width": 569.7729497187117,
						"height": 31.151170200638887,
						"originX": 0.5,
						"originY": 0.5,
						"color": [
							1,
							1,
							1,
							1
						],
						"angle": 0,
						"zElevation": 0
					}
				},
				{
					"type": "BarreiraInv",
					"properties": {
						"initially-visible": true,
						"initial-animation": "Animation 1",
						"initial-frame": 0,
						"enable-collisions": true,
						"live-preview": false
					},
					"uid": 65,
					"sid": 918021943293876,
					"tags": "",
					"instanceVariables": {},
					"behaviors": {
						"Sólido": {
							"properties": {
								"enabled": true,
								"tags": ""
							}
						}
					},
					"instanceFolderItem": {
						"sid": 918021943293876,
						"expanded": true
					},
					"showing": true,
					"locked": false,
					"world": {
						"x": 143.70141228770044,
						"y": 159.67163032681435,
						"width": 48.65127825302828,
						"height": 68.18647800326846,
						"originX": 0.5,
						"originY": 0.5,
						"color": [
							1,
							1,
							1,
							1
						],
						"angle": 0,
						"zElevation": 0
					}
				},
				{
					"type": "Sprite24",
					"properties": {
						"initially-visible": false,
						"initial-animation": "Animation 1",
						"initial-frame": 0,
						"enable-collisions": true,
						"live-preview": false
					},
					"uid": 70,
					"sid": 784283134055112,
					"tags": "",
					"instanceVariables": {},
					"behaviors": {},
					"instanceFolderItem": {
						"sid": 784283134055112,
						"expanded": true
					},
					"showing": true,
					"locked": false,
					"world": {
						"x": 526,
						"y": 485,
						"width": 151.80000608271428,
						"height": 48.432028961851245,
						"originX": 0.5,
						"originY": 0.5,
						"color": [
							1,
							1,
							1,
							1
						],
						"angle": 0,
						"zElevation": 0
					}
				},
				{
					"type": "Texto6",
					"properties": {
						"text": "\"2+2=?\"",
						"enable-bbcode": true,
						"font": "Arial",
						"size": 12,
						"line-height": 0,
						"bold": false,
						"italic": false,
						"color": [
							0.9882352941176471,
							0.9882352941176471,
							0.9882352941176471,
							1
						],
						"horizontal-alignment": "left",
						"vertical-alignment": "top",
						"wrapping": "word",
						"text-direction": "ltr",
						"icon-set": -1,
						"initially-visible": false,
						"origin": "top-left",
						"read-aloud": false
					},
					"uid": 16,
					"sid": 865828305529443,
					"tags": "",
					"instanceVariables": {},
					"behaviors": {},
					"instanceFolderItem": {
						"sid": 865828305529443,
						"expanded": true
					},
					"showing": true,
					"locked": false,
					"world": {
						"x": 490,
						"y": 522,
						"width": 200,
						"height": 30,
						"originX": 0,
						"originY": 0,
						"color": [
							1,
							1,
							1,
							1
						],
						"angle": 0,
						"zElevation": 0
					}
				},
				{
					"type": "Sprite25",
					"properties": {
						"initially-visible": true,
						"initial-animation": "Animation 1",
						"initial-frame": 0,
						"enable-collisions": true,
						"live-preview": false
					},
					"uid": 69,
					"sid": 408601890079638,
					"tags": "",
					"instanceVariables": {},
					"behaviors": {
						"Sólido": {
							"properties": {
								"enabled": true,
								"tags": ""
							}
						}
					},
					"instanceFolderItem": {
						"sid": 408601890079638,
						"expanded": true
					},
					"showing": true,
					"locked": false,
					"world": {
						"x": 163,
						"y": 291,
						"width": 35.50132421257962,
						"height": 20.955368455626456,
						"originX": 0.5,
						"originY": 0.5,
						"color": [
							1,
							1,
							1,
							1
						],
						"angle": 0,
						"zElevation": 0
					}
				},
				{
					"type": "Bread",
					"properties": {
						"initially-visible": true,
						"initial-animation": "Animation 1",
						"initial-frame": 0,
						"enable-collisions": true,
						"live-preview": false
					},
					"uid": 71,
					"sid": 851452194423990,
					"tags": "",
					"instanceVariables": {},
					"behaviors": {},
					"instanceFolderItem": {
						"sid": 851452194423990,
						"expanded": true
					},
					"showing": true,
					"locked": false,
					"world": {
						"x": 639,
						"y": 238,
						"width": 21.5073265335285,
						"height": 20.652130725738402,
						"originX": 0.5,
						"originY": 0.46710526315789475,
						"color": [
							1,
							1,
							1,
							1
						],
						"angle": 0,
						"zElevation": 0
					}
				},
				{
					"type": "Nota",
					"properties": {
						"initially-visible": true,
						"initial-animation": "Animation 1",
						"initial-frame": 0,
						"enable-collisions": true,
						"live-preview": false
					},
					"uid": 78,
					"sid": 813502379122214,
					"tags": "",
					"instanceVariables": {},
					"behaviors": {},
					"instanceFolderItem": {
						"sid": 813502379122214,
						"expanded": true
					},
					"showing": true,
					"locked": false,
					"world": {
						"x": 198.7747756875233,
						"y": 163.3080543328744,
						"width": 26.057752285720653,
						"height": 22.632118871223724,
						"originX": 0.46710526315789475,
						"originY": 0.5,
						"color": [
							1,
							1,
							1,
							1
						],
						"angle": 0,
						"zElevation": 0
					}
				},
				{
					"type": "Ricardao",
					"properties": {
						"initially-visible": true,
						"initial-animation": "Animation 1",
						"initial-frame": 0,
						"enable-collisions": true,
						"live-preview": false
					},
					"uid": 68,
					"sid": 994824031708051,
					"tags": "",
					"instanceVariables": {},
					"behaviors": {
						"MovimentoEmGrid": {
							"properties": {
								"grid-width": 5,
								"grid-height": 5,
								"grid-offset-x": 0,
								"grid-offset-y": 0,
								"speed-x": 15,
								"speed-y": 15,
								"enabled": true,
								"default-controls": true,
								"isometric": true
							}
						},
						"RestritoAoLayout": {
							"properties": {
								"bound-by": "edge"
							}
						},
						"Personalizado": {
							"properties": {
								"stepping-mode": "horizontal-then-vertical",
								"pixels-per-step": 5,
								"enabled": true
							}
						},
						"MoverPara": {
							"properties": {
								"max-speed": 30,
								"acceleration": 30,
								"deceleration": 600,
								"rotate-speed": 0,
								"set-angle": true,
								"stop-on-solids": false,
								"enabled": true
							}
						}
					},
					"instanceFolderItem": {
						"sid": 994824031708051,
						"expanded": true
					},
					"showing": true,
					"locked": false,
					"world": {
						"x": 95.04118632658971,
						"y": 130.97979653645163,
						"width": 31.878860922146202,
						"height": 63.77308253416638,
						"originX": -1.9558823529411764,
						"originY": 1.4402985074626864,
						"color": [
							1,
							1,
							1,
							1
						],
						"angle": 0,
						"zElevation": 0
					}
				},
				{
					"type": "Sprite15",
					"properties": {
						"initially-visible": true,
						"initial-animation": "Animation 1",
						"initial-frame": 0,
						"enable-collisions": true,
						"live-preview": false
					},
					"uid": 74,
					"sid": 300904196271267,
					"tags": "",
					"instanceVariables": {},
					"behaviors": {},
					"instanceFolderItem": {
						"sid": 300904196271267,
						"expanded": true
					},
					"showing": true,
					"locked": false,
					"world": {
						"x": 385.41445364350943,
						"y": -155.61263515234538,
						"width": 548.1532077022233,
						"height": 272.5404638328403,
						"originX": 0.5,
						"originY": 0.5,
						"color": [
							1,
							1,
							1,
							0.5
						],
						"angle": 0,
						"zElevation": 0
					}
				},
				{
					"type": "Sprite15",
					"properties": {
						"initially-visible": true,
						"initial-animation": "Animation 1",
						"initial-frame": 0,
						"enable-collisions": true,
						"live-preview": false
					},
					"uid": 75,
					"sid": 750512932823041,
					"tags": "",
					"instanceVariables": {},
					"behaviors": {},
					"instanceFolderItem": {
						"sid": 750512932823041,
						"expanded": true
					},
					"showing": true,
					"locked": false,
					"world": {
						"x": 811.0648934786209,
						"y": 55.30068588256839,
						"width": 309.69325260070946,
						"height": 109.08001073906075,
						"originX": 0.5,
						"originY": 0.5,
						"color": [
							1,
							1,
							1,
							0.5
						],
						"angle": 0,
						"zElevation": 0
					}
				},
				{
					"type": "Sprite15",
					"properties": {
						"initially-visible": true,
						"initial-animation": "Animation 1",
						"initial-frame": 0,
						"enable-collisions": true,
						"live-preview": false
					},
					"uid": 76,
					"sid": 750566685676969,
					"tags": "",
					"instanceVariables": {},
					"behaviors": {},
					"instanceFolderItem": {
						"sid": 750566685676969,
						"expanded": true
					},
					"showing": true,
					"locked": false,
					"world": {
						"x": 53.85845515729088,
						"y": 719.123187696039,
						"width": 110.65611265710749,
						"height": -380.1090487662691,
						"originX": 0.5,
						"originY": 0.5,
						"color": [
							1,
							1,
							1,
							0.5
						],
						"angle": 0,
						"zElevation": 0
					}
				},
				{
					"type": "Sprite15",
					"properties": {
						"initially-visible": true,
						"initial-animation": "Animation 1",
						"initial-frame": 0,
						"enable-collisions": true,
						"live-preview": false
					},
					"uid": 77,
					"sid": 713897658675137,
					"tags": "",
					"instanceVariables": {},
					"behaviors": {},
					"instanceFolderItem": {
						"sid": 713897658675137,
						"expanded": true
					},
					"showing": true,
					"locked": false,
					"world": {
						"x": 45.663879517106636,
						"y": 244.42237158655752,
						"width": 116.78530272849673,
						"height": 567.3694677235292,
						"originX": 0.5,
						"originY": 0.5,
						"color": [
							1,
							1,
							1,
							0.5
						],
						"angle": 0,
						"zElevation": 0
					}
				},
				{
					"type": "Sprite23",
					"properties": {
						"initially-visible": true,
						"initial-animation": "Animation 1",
						"initial-frame": 0,
						"enable-collisions": true,
						"live-preview": false
					},
					"uid": 79,
					"sid": 683241543640314,
					"tags": "",
					"instanceVariables": {},
					"behaviors": {},
					"instanceFolderItem": {
						"sid": 683241543640314,
						"expanded": true
					},
					"showing": true,
					"locked": false,
					"world": {
						"x": 305.603700253754,
						"y": 156.71126381960488,
						"width": 285.30973535288547,
						"height": 75.46211306799904,
						"originX": 0.5,
						"originY": 0.5,
						"color": [
							1,
							1,
							1,
							0
						],
						"angle": 0,
						"zElevation": 0
					}
				},
				{
					"type": "Texto8",
					"properties": {
						"text": "Você acha um pedaço de pão...",
						"enable-bbcode": true,
						"font": "Arial",
						"size": 12,
						"line-height": 0,
						"bold": false,
						"italic": false,
						"color": [
							0.10588235294117647,
							0.8549019607843137,
							0.5058823529411764,
							1
						],
						"horizontal-alignment": "left",
						"vertical-alignment": "top",
						"wrapping": "word",
						"text-direction": "ltr",
						"icon-set": -1,
						"initially-visible": true,
						"origin": "top-left",
						"read-aloud": false
					},
					"uid": 81,
					"sid": 629342525988487,
					"tags": "",
					"instanceVariables": {},
					"behaviors": {},
					"instanceFolderItem": {
						"sid": 629342525988487,
						"expanded": true
					},
					"showing": true,
					"locked": false,
					"world": {
						"x": 524.3701102933833,
						"y": 222.69192331337445,
						"width": 150.7445490221519,
						"height": 52.98587712299576,
						"originX": 0,
						"originY": 0,
						"color": [
							1,
							1,
							1,
							1
						],
						"angle": 0,
						"zElevation": 0
					}
				},
				{
					"type": "Sprite9",
					"properties": {
						"initially-visible": true,
						"initial-animation": "Animation 1",
						"initial-frame": 0,
						"enable-collisions": true,
						"live-preview": false
					},
					"uid": 31,
					"sid": 997037382501936,
					"tags": "",
					"instanceVariables": {},
					"behaviors": {},
					"instanceFolderItem": {
						"sid": 997037382501936,
						"expanded": true
					},
					"showing": true,
					"locked": false,
					"world": {
						"x": -73,
						"y": 1630,
						"width": 250,
						"height": 250,
						"originX": 0.5,
						"originY": 0.5,
						"color": [
							1,
							1,
							1,
							1
						],
						"angle": 0,
						"zElevation": 0
					}
				},
				{
					"type": "Sprite15",
					"properties": {
						"initially-visible": true,
						"initial-animation": "Animation 1",
						"initial-frame": 0,
						"enable-collisions": true,
						"live-preview": false
					},
					"uid": 90,
					"sid": 591394712733068,
					"tags": "",
					"instanceVariables": {},
					"behaviors": {},
					"instanceFolderItem": {
						"sid": 591394712733068,
						"expanded": true
					},
					"showing": true,
					"locked": false,
					"world": {
						"x": 1579.902489025136,
						"y": 141.6404448721263,
						"width": 145,
						"height": 299,
						"originX": 0.5,
						"originY": 0.5,
						"color": [
							1,
							1,
							1,
							0.5
						],
						"angle": 0,
						"zElevation": 0
					}
				},
				{
					"type": "Sprite15",
					"properties": {
						"initially-visible": true,
						"initial-animation": "Animation 1",
						"initial-frame": 0,
						"enable-collisions": true,
						"live-preview": false
					},
					"uid": 91,
					"sid": 577987798737533,
					"tags": "",
					"instanceVariables": {},
					"behaviors": {},
					"instanceFolderItem": {
						"sid": 577987798737533,
						"expanded": true
					},
					"showing": true,
					"locked": false,
					"world": {
						"x": 1579,
						"y": 142,
						"width": 145,
						"height": 299,
						"originX": 0.5,
						"originY": 0.5,
						"color": [
							1,
							1,
							1,
							0.5
						],
						"angle": 0,
						"zElevation": 0
					}
				},
				{
					"type": "Sprite15",
					"properties": {
						"initially-visible": true,
						"initial-animation": "Animation 1",
						"initial-frame": 0,
						"enable-collisions": true,
						"live-preview": false
					},
					"uid": 92,
					"sid": 802125371169511,
					"tags": "",
					"instanceVariables": {},
					"behaviors": {},
					"instanceFolderItem": {
						"sid": 802125371169511,
						"expanded": true
					},
					"showing": true,
					"locked": false,
					"world": {
						"x": 1555,
						"y": 138.5,
						"width": 95,
						"height": 304,
						"originX": 0.5,
						"originY": 0.5,
						"color": [
							1,
							1,
							1,
							0.5
						],
						"angle": 0,
						"zElevation": 0
					}
				},
				{
					"type": "Sprite15",
					"properties": {
						"initially-visible": true,
						"initial-animation": "Animation 1",
						"initial-frame": 0,
						"enable-collisions": true,
						"live-preview": false
					},
					"uid": 93,
					"sid": 824000410702640,
					"tags": "",
					"instanceVariables": {},
					"behaviors": {},
					"instanceFolderItem": {
						"sid": 824000410702640,
						"expanded": true
					},
					"showing": true,
					"locked": false,
					"world": {
						"x": -123,
						"y": 373,
						"width": 450.4615134644081,
						"height": 1277.064173515207,
						"originX": 0.5,
						"originY": 0.5,
						"color": [
							1,
							1,
							1,
							0.5
						],
						"angle": 0,
						"zElevation": 0
					}
				},
				{
					"type": "Sprite15",
					"properties": {
						"initially-visible": true,
						"initial-animation": "Animation 1",
						"initial-frame": 0,
						"enable-collisions": true,
						"live-preview": false
					},
					"uid": 94,
					"sid": 444148269448678,
					"tags": "",
					"instanceVariables": {},
					"behaviors": {},
					"instanceFolderItem": {
						"sid": 444148269448678,
						"expanded": true
					},
					"showing": true,
					"locked": false,
					"world": {
						"x": 150,
						"y": -170,
						"width": 1014.4615134644082,
						"height": 268.0641735152069,
						"originX": 0.5,
						"originY": 0.5,
						"color": [
							1,
							1,
							1,
							0.5
						],
						"angle": 0,
						"zElevation": 0
					}
				},
				{
					"type": "BarreiraInv",
					"properties": {
						"initially-visible": true,
						"initial-animation": "Animation 1",
						"initial-frame": 0,
						"enable-collisions": true,
						"live-preview": false
					},
					"uid": 95,
					"sid": 840225917990244,
					"tags": "",
					"instanceVariables": {},
					"behaviors": {
						"Sólido": {
							"properties": {
								"enabled": true,
								"tags": ""
							}
						}
					},
					"instanceFolderItem": {
						"sid": 840225917990244,
						"expanded": true
					},
					"showing": true,
					"locked": false,
					"world": {
						"x": 251,
						"y": -30,
						"width": 430.8392986929481,
						"height": 37.766580760781856,
						"originX": 0.5,
						"originY": 0.5,
						"color": [
							1,
							1,
							1,
							1
						],
						"angle": 0,
						"zElevation": 0
					}
				},
				{
					"type": "BarreiraInv",
					"properties": {
						"initially-visible": true,
						"initial-animation": "Animation 1",
						"initial-frame": 0,
						"enable-collisions": true,
						"live-preview": false
					},
					"uid": 96,
					"sid": 825979669887326,
					"tags": "",
					"instanceVariables": {},
					"behaviors": {
						"Sólido": {
							"properties": {
								"enabled": true,
								"tags": ""
							}
						}
					},
					"instanceFolderItem": {
						"sid": 825979669887326,
						"expanded": true
					},
					"showing": true,
					"locked": false,
					"world": {
						"x": 980,
						"y": 114,
						"width": 50.83929869294809,
						"height": 357.76658076078184,
						"originX": 0.5,
						"originY": 0.5,
						"color": [
							1,
							1,
							1,
							1
						],
						"angle": 0,
						"zElevation": 0
					}
				},
				{
					"type": "BarreiraInv",
					"properties": {
						"initially-visible": true,
						"initial-animation": "Animation 1",
						"initial-frame": 0,
						"enable-collisions": true,
						"live-preview": false
					},
					"uid": 97,
					"sid": 920371154406169,
					"tags": "",
					"instanceVariables": {},
					"behaviors": {
						"Sólido": {
							"properties": {
								"enabled": true,
								"tags": ""
							}
						}
					},
					"instanceFolderItem": {
						"sid": 920371154406169,
						"expanded": true
					},
					"showing": true,
					"locked": false,
					"world": {
						"x": 1546.5,
						"y": 124.5,
						"width": 47.83929869294809,
						"height": 382.76658076078184,
						"originX": 0.5,
						"originY": 0.5,
						"color": [
							1,
							1,
							1,
							1
						],
						"angle": 0,
						"zElevation": 0
					}
				},
				{
					"type": "BarreiraInv",
					"properties": {
						"initially-visible": true,
						"initial-animation": "Animation 1",
						"initial-frame": 0,
						"enable-collisions": true,
						"live-preview": false
					},
					"uid": 98,
					"sid": 124772008985651,
					"tags": "",
					"instanceVariables": {},
					"behaviors": {
						"Sólido": {
							"properties": {
								"enabled": true,
								"tags": ""
							}
						}
					},
					"instanceFolderItem": {
						"sid": 124772008985651,
						"expanded": true
					},
					"showing": true,
					"locked": false,
					"world": {
						"x": 913,
						"y": 124,
						"width": 47.83929869294809,
						"height": 382.76658076078184,
						"originX": 0.5,
						"originY": 0.5,
						"color": [
							1,
							1,
							1,
							1
						],
						"angle": 0,
						"zElevation": 0
					}
				},
				{
					"type": "BarreiraInv",
					"properties": {
						"initially-visible": true,
						"initial-animation": "Animation 1",
						"initial-frame": 0,
						"enable-collisions": true,
						"live-preview": false
					},
					"uid": 99,
					"sid": 594682570060147,
					"tags": "",
					"instanceVariables": {},
					"behaviors": {
						"Sólido": {
							"properties": {
								"enabled": true,
								"tags": ""
							}
						}
					},
					"instanceFolderItem": {
						"sid": 594682570060147,
						"expanded": true
					},
					"showing": true,
					"locked": false,
					"world": {
						"x": 1025,
						"y": -74,
						"width": 47.83929869294809,
						"height": 382.76658076078184,
						"originX": 0.5,
						"originY": 0.5,
						"color": [
							1,
							1,
							1,
							1
						],
						"angle": 0,
						"zElevation": 0
					}
				},
				{
					"type": "descerescada",
					"properties": {
						"initially-visible": true,
						"initial-animation": "Animation 1",
						"initial-frame": 0,
						"enable-collisions": true,
						"live-preview": false
					},
					"uid": 82,
					"sid": 719734059190599,
					"tags": "",
					"instanceVariables": {},
					"behaviors": {
						"Sólido": {
							"properties": {
								"enabled": false,
								"tags": ""
							}
						}
					},
					"instanceFolderItem": {
						"sid": 719734059190599,
						"expanded": true
					},
					"showing": true,
					"locked": false,
					"world": {
						"x": 538.5574101168019,
						"y": 81.507863960989,
						"width": 83.71015844063277,
						"height": 64.8292862841771,
						"originX": 0.5,
						"originY": 0.5,
						"color": [
							1,
							1,
							1,
							1
						],
						"angle": 0,
						"zElevation": 0
					}
				},
				{
					"type": "PlanoDeFundoEmBlocos8",
					"properties": {
						"initially-visible": true,
						"origin": "top-left",
						"wrap-horizontal": "repeat",
						"wrap-vertical": "repeat",
						"image-offset-x": 0,
						"image-offset-y": 0,
						"image-scale-x": 1,
						"image-scale-y": 1,
						"image-angle": 0,
						"enable-tile-randomization": false,
						"x-random": 1,
						"y-random": 1,
						"angle-random": 1,
						"blend-margin-x": 0.1,
						"blend-margin-y": 0.1
					},
					"uid": 83,
					"sid": 405467564276189,
					"tags": "",
					"instanceVariables": {},
					"behaviors": {},
					"instanceFolderItem": {
						"sid": 405467564276189,
						"expanded": true
					},
					"showing": true,
					"locked": false,
					"world": {
						"x": 961,
						"y": -6,
						"width": 544,
						"height": 294,
						"originX": 0,
						"originY": 0,
						"color": [
							1,
							1,
							1,
							1
						],
						"angle": 0,
						"zElevation": 0
					}
				},
				{
					"type": "Sprite27",
					"properties": {
						"initially-visible": false,
						"initial-animation": "Animation 1",
						"initial-frame": 0,
						"enable-collisions": true,
						"live-preview": false
					},
					"uid": 100,
					"sid": 277717038738379,
					"tags": "",
					"instanceVariables": {},
					"behaviors": {},
					"instanceFolderItem": {
						"sid": 277717038738379,
						"expanded": true
					},
					"showing": true,
					"locked": false,
					"world": {
						"x": 1236,
						"y": 145,
						"width": 578,
						"height": 338,
						"originX": 0.5,
						"originY": 0.5,
						"color": [
							0,
							0,
							0,
							1
						],
						"angle": 0,
						"zElevation": 0
					}
				},
				{
					"type": "Texto9",
					"properties": {
						"text": "Você passa o cartão estranho e sai da PUC...",
						"enable-bbcode": true,
						"font": "Arial",
						"size": 12,
						"line-height": 0,
						"bold": false,
						"italic": false,
						"color": [
							1,
							1,
							1,
							1
						],
						"horizontal-alignment": "left",
						"vertical-alignment": "top",
						"wrapping": "word",
						"text-direction": "ltr",
						"icon-set": -1,
						"initially-visible": false,
						"origin": "top-left",
						"read-aloud": false
					},
					"uid": 101,
					"sid": 120746312819089,
					"tags": "",
					"instanceVariables": {},
					"behaviors": {},
					"instanceFolderItem": {
						"sid": 120746312819089,
						"expanded": true
					},
					"showing": true,
					"locked": false,
					"world": {
						"x": 1073.318444240466,
						"y": 110.94329092697231,
						"width": 142.10868845428968,
						"height": 68,
						"originX": 0,
						"originY": 0,
						"color": [
							1,
							1,
							1,
							1
						],
						"angle": 0,
						"zElevation": 0
					}
				},
				{
					"type": "Sprite28",
					"properties": {
						"initially-visible": false,
						"initial-animation": "Animation 1",
						"initial-frame": 0,
						"enable-collisions": true,
						"live-preview": false
					},
					"uid": 102,
					"sid": 807558397174553,
					"tags": "",
					"instanceVariables": {},
					"behaviors": {},
					"instanceFolderItem": {
						"sid": 807558397174553,
						"expanded": true
					},
					"showing": true,
					"locked": false,
					"world": {
						"x": 1214.8061431383219,
						"y": 75.08976129803415,
						"width": 250.18574468192648,
						"height": 86.511356000246,
						"originX": 0.5,
						"originY": 0.5,
						"color": [
							1,
							1,
							1,
							1
						],
						"angle": 0,
						"zElevation": 0
					}
				},
				{
					"type": "Sprite29",
					"properties": {
						"initially-visible": false,
						"initial-animation": "Animation 1",
						"initial-frame": 0,
						"enable-collisions": true,
						"live-preview": false
					},
					"uid": 103,
					"sid": 298300981592894,
					"tags": "",
					"instanceVariables": {},
					"behaviors": {},
					"instanceFolderItem": {
						"sid": 298300981592894,
						"expanded": true
					},
					"showing": true,
					"locked": false,
					"world": {
						"x": 1218.9019228125503,
						"y": 77.64473484727088,
						"width": 235.62602035745192,
						"height": 88.52744358738954,
						"originX": 0.5,
						"originY": 0.5,
						"color": [
							1,
							1,
							1,
							1
						],
						"angle": 0,
						"zElevation": 0
					}
				},
				{
					"type": "GatoParanaense",
					"properties": {
						"initially-visible": true,
						"initial-animation": "Animation 1",
						"initial-frame": 0,
						"enable-collisions": true,
						"live-preview": false
					},
					"uid": 86,
					"sid": 101592647800604,
					"tags": "",
					"instanceVariables": {},
					"behaviors": {},
					"instanceFolderItem": {
						"sid": 101592647800604,
						"expanded": true
					},
					"showing": true,
					"locked": false,
					"world": {
						"x": 1061.1200604694818,
						"y": 122.91574502809402,
						"width": 71.9468779208438,
						"height": 73.47988080303773,
						"originX": 0.4405144694533762,
						"originY": 0.5252293577981652,
						"color": [
							1,
							1,
							1,
							1
						],
						"angle": 0,
						"zElevation": 0
					}
				},
				{
					"type": "Texto10",
					"properties": {
						"text": "Ricardão te encara pela janela enquanto você sai..",
						"enable-bbcode": true,
						"font": "Arial",
						"size": 12,
						"line-height": 0,
						"bold": false,
						"italic": false,
						"color": [
							1,
							1,
							1,
							1
						],
						"horizontal-alignment": "left",
						"vertical-alignment": "top",
						"wrapping": "word",
						"text-direction": "ltr",
						"icon-set": -1,
						"initially-visible": false,
						"origin": "top-left",
						"read-aloud": false
					},
					"uid": 104,
					"sid": 732646295900326,
					"tags": "",
					"instanceVariables": {},
					"behaviors": {},
					"instanceFolderItem": {
						"sid": 732646295900326,
						"expanded": true
					},
					"showing": true,
					"locked": false,
					"world": {
						"x": 1068.079750746405,
						"y": 106.6728747608467,
						"width": 143.59011814802898,
						"height": 77.59583781260051,
						"originX": 0,
						"originY": 0,
						"color": [
							1,
							1,
							1,
							1
						],
						"angle": 0,
						"zElevation": 0
					}
				},
				{
					"type": "Texto11",
					"properties": {
						"text": "No outro dia, ele é dado como desaparecido....",
						"enable-bbcode": true,
						"font": "Arial",
						"size": 12,
						"line-height": 0,
						"bold": false,
						"italic": false,
						"color": [
							1,
							1,
							1,
							1
						],
						"horizontal-alignment": "left",
						"vertical-alignment": "top",
						"wrapping": "word",
						"text-direction": "ltr",
						"icon-set": -1,
						"initially-visible": false,
						"origin": "top-left",
						"read-aloud": false
					},
					"uid": 105,
					"sid": 411110482338295,
					"tags": "",
					"instanceVariables": {},
					"behaviors": {},
					"instanceFolderItem": {
						"sid": 411110482338295,
						"expanded": true
					},
					"showing": true,
					"locked": false,
					"world": {
						"x": 1068.961095125773,
						"y": 105.79147224799738,
						"width": 160.33680182283274,
						"height": 87.29128625590806,
						"originX": 0,
						"originY": 0,
						"color": [
							1,
							1,
							1,
							1
						],
						"angle": 0,
						"zElevation": 0
					}
				},
				{
					"type": "Texto12",
					"properties": {
						"text": "Ricardão.. é você?",
						"enable-bbcode": true,
						"font": "Arial",
						"size": 12,
						"line-height": 0,
						"bold": false,
						"italic": false,
						"color": [
							1,
							1,
							1,
							1
						],
						"horizontal-alignment": "left",
						"vertical-alignment": "top",
						"wrapping": "word",
						"text-direction": "ltr",
						"icon-set": -1,
						"initially-visible": false,
						"origin": "top-left",
						"read-aloud": false
					},
					"uid": 106,
					"sid": 351086644757806,
					"tags": "",
					"instanceVariables": {},
					"behaviors": {},
					"instanceFolderItem": {
						"sid": 351086644757806,
						"expanded": true
					},
					"showing": true,
					"locked": false,
					"world": {
						"x": 184.60757446289062,
						"y": 241.54629516601562,
						"width": 200,
						"height": 30,
						"originX": 0,
						"originY": 0,
						"color": [
							1,
							1,
							1,
							1
						],
						"angle": 0,
						"zElevation": 0
					}
				}
			],
			"sid": 889374920975802,
			"effectTypes": [],
			"isInitiallyVisible": true,
			"isInitiallyInteractive": true,
			"isHTMLElementsLayer": false,
			"color": [
				1,
				1,
				1,
				1
			],
			"backgroundColor": [
				0.3686274509803922,
				0.3686274509803922,
				0.3686274509803922,
				1
			],
			"isTransparent": false,
			"parallaxX": 1,
			"parallaxY": 1,
			"scaleRate": 1,
			"forceOwnTexture": false,
			"renderingMode": "3d",
			"drawOrder": "z-order",
			"useRenderCells": false,
			"blendMode": "normal",
			"zElevation": 0,
			"global": false
		},
		{
			"name": "Camada 1",
			"overriden": 0,
			"subLayers": [],
			"instances": [
				{
					"type": "BarreiraInv",
					"properties": {
						"initially-visible": true,
						"initial-animation": "Animation 1",
						"initial-frame": 0,
						"enable-collisions": true,
						"live-preview": false
					},
					"uid": 8,
					"sid": 140007783532475,
					"tags": "",
					"instanceVariables": {},
					"behaviors": {
						"Sólido": {
							"properties": {
								"enabled": true,
								"tags": ""
							}
						}
					},
					"instanceFolderItem": {
						"sid": 140007783532475,
						"expanded": true
					},
					"showing": true,
					"locked": false,
					"world": {
						"x": 126,
						"y": 300,
						"width": 21.171010632793966,
						"height": 52.802988365111624,
						"originX": 0.5,
						"originY": 0.5,
						"color": [
							1,
							1,
							1,
							1
						],
						"angle": 0,
						"zElevation": 0
					}
				},
				{
					"type": "BarreiraInv",
					"properties": {
						"initially-visible": true,
						"initial-animation": "Animation 1",
						"initial-frame": 0,
						"enable-collisions": true,
						"live-preview": false
					},
					"uid": 10,
					"sid": 997250707191307,
					"tags": "",
					"instanceVariables": {},
					"behaviors": {
						"Sólido": {
							"properties": {
								"enabled": true,
								"tags": ""
							}
						}
					},
					"instanceFolderItem": {
						"sid": 997250707191307,
						"expanded": true
					},
					"showing": true,
					"locked": false,
					"world": {
						"x": 164,
						"y": 276,
						"width": 29.855167279026134,
						"height": -0.4567915313434785,
						"originX": 0.5,
						"originY": 0.5,
						"color": [
							1,
							1,
							1,
							1
						],
						"angle": 0,
						"zElevation": 0
					}
				},
				{
					"type": "BarreiraInv",
					"properties": {
						"initially-visible": true,
						"initial-animation": "Animation 1",
						"initial-frame": 0,
						"enable-collisions": true,
						"live-preview": false
					},
					"uid": 11,
					"sid": 819059283428671,
					"tags": "",
					"instanceVariables": {},
					"behaviors": {
						"Sólido": {
							"properties": {
								"enabled": true,
								"tags": ""
							}
						}
					},
					"instanceFolderItem": {
						"sid": 819059283428671,
						"expanded": true
					},
					"showing": true,
					"locked": false,
					"world": {
						"x": 607,
						"y": 497,
						"width": 40.11832964364048,
						"height": 121.16168248933434,
						"originX": 0.5,
						"originY": 0.5,
						"color": [
							1,
							1,
							1,
							1
						],
						"angle": 0,
						"zElevation": 0
					}
				},
				{
					"type": "BarreiraInv",
					"properties": {
						"initially-visible": true,
						"initial-animation": "Animation 1",
						"initial-frame": 0,
						"enable-collisions": true,
						"live-preview": false
					},
					"uid": 12,
					"sid": 530072678266719,
					"tags": "",
					"instanceVariables": {},
					"behaviors": {
						"Sólido": {
							"properties": {
								"enabled": true,
								"tags": ""
							}
						}
					},
					"instanceFolderItem": {
						"sid": 530072678266719,
						"expanded": true
					},
					"showing": true,
					"locked": false,
					"world": {
						"x": 428,
						"y": 497,
						"width": 22.67095362379625,
						"height": 29.819537444268285,
						"originX": 0.5,
						"originY": 0.5,
						"color": [
							1,
							1,
							1,
							1
						],
						"angle": 0,
						"zElevation": 0
					}
				},
				{
					"type": "BarreiraInv",
					"properties": {
						"initially-visible": true,
						"initial-animation": "Animation 1",
						"initial-frame": 0,
						"enable-collisions": true,
						"live-preview": false
					},
					"uid": 13,
					"sid": 567055692997047,
					"tags": "",
					"instanceVariables": {},
					"behaviors": {
						"Sólido": {
							"properties": {
								"enabled": true,
								"tags": ""
							}
						}
					},
					"instanceFolderItem": {
						"sid": 567055692997047,
						"expanded": true
					},
					"showing": true,
					"locked": false,
					"world": {
						"x": 347,
						"y": 497,
						"width": 28.828851042564718,
						"height": 40.08269980888246,
						"originX": 0.5,
						"originY": 0.5,
						"color": [
							1,
							1,
							1,
							1
						],
						"angle": 0,
						"zElevation": 0
					}
				},
				{
					"type": "BarreiraInv",
					"properties": {
						"initially-visible": true,
						"initial-animation": "Animation 1",
						"initial-frame": 0,
						"enable-collisions": true,
						"live-preview": false
					},
					"uid": 14,
					"sid": 995569959169330,
					"tags": "",
					"instanceVariables": {},
					"behaviors": {
						"Sólido": {
							"properties": {
								"enabled": true,
								"tags": ""
							}
						}
					},
					"instanceFolderItem": {
						"sid": 995569959169330,
						"expanded": true
					},
					"showing": true,
					"locked": false,
					"world": {
						"x": 272,
						"y": 490,
						"width": 29.855167279026134,
						"height": 35.97743486303681,
						"originX": 0.5,
						"originY": 0.5,
						"color": [
							1,
							1,
							1,
							1
						],
						"angle": 0,
						"zElevation": 0
					}
				},
				{
					"type": "BarreiraInv",
					"properties": {
						"initially-visible": true,
						"initial-animation": "Animation 1",
						"initial-frame": 0,
						"enable-collisions": true,
						"live-preview": false
					},
					"uid": 15,
					"sid": 120301972973399,
					"tags": "",
					"instanceVariables": {},
					"behaviors": {
						"Sólido": {
							"properties": {
								"enabled": true,
								"tags": ""
							}
						}
					},
					"instanceFolderItem": {
						"sid": 120301972973399,
						"expanded": true
					},
					"showing": true,
					"locked": false,
					"world": {
						"x": 515,
						"y": 320,
						"width": 29.855167279025963,
						"height": 61.29197626124183,
						"originX": 0.5,
						"originY": 0.5,
						"color": [
							1,
							1,
							1,
							1
						],
						"angle": 0.02567349652893869,
						"zElevation": 0
					}
				},
				{
					"type": "BarreiraInv",
					"properties": {
						"initially-visible": true,
						"initial-animation": "Animation 1",
						"initial-frame": 0,
						"enable-collisions": true,
						"live-preview": false
					},
					"uid": 17,
					"sid": 307650652274820,
					"tags": "",
					"instanceVariables": {},
					"behaviors": {
						"Sólido": {
							"properties": {
								"enabled": true,
								"tags": ""
							}
						}
					},
					"instanceFolderItem": {
						"sid": 307650652274820,
						"expanded": true
					},
					"showing": true,
					"locked": false,
					"world": {
						"x": 574,
						"y": 287,
						"width": 31.9077997519489,
						"height": 4.441079329303356,
						"originX": 0.5,
						"originY": 0.5,
						"color": [
							1,
							1,
							1,
							1
						],
						"angle": 0,
						"zElevation": 0
					}
				},
				{
					"type": "Sprite3",
					"properties": {
						"initially-visible": true,
						"initial-animation": "Animation 1",
						"initial-frame": 0,
						"enable-collisions": true,
						"live-preview": false
					},
					"uid": 19,
					"sid": 286793376535028,
					"tags": "",
					"instanceVariables": {},
					"behaviors": {},
					"instanceFolderItem": {
						"sid": 286793376535028,
						"expanded": true
					},
					"showing": true,
					"locked": false,
					"world": {
						"x": 1090,
						"y": 1059,
						"width": 351.0239999999994,
						"height": 132.02600000000038,
						"originX": 0.5,
						"originY": 0.5,
						"color": [
							1,
							1,
							1,
							1
						],
						"angle": 0,
						"zElevation": 0
					}
				},
				{
					"type": "Texto2",
					"properties": {
						"text": "Stamina: ",
						"enable-bbcode": true,
						"font": "Arial",
						"size": 12,
						"line-height": 0,
						"bold": false,
						"italic": false,
						"color": [
							0.44313725490196076,
							0.023529411764705882,
							0.4980392156862745,
							1
						],
						"horizontal-alignment": "left",
						"vertical-alignment": "top",
						"wrapping": "word",
						"text-direction": "ltr",
						"icon-set": -1,
						"initially-visible": true,
						"origin": "top-left",
						"read-aloud": false
					},
					"uid": 21,
					"sid": 463764735946030,
					"tags": "",
					"instanceVariables": {},
					"behaviors": {
						"CentrarEm": {
							"properties": {
								"enabled": false
							}
						},
						"Fixar": {
							"properties": {
								"destroy": false
							}
						}
					},
					"instanceFolderItem": {
						"sid": 463764735946030,
						"expanded": true
					},
					"showing": true,
					"locked": false,
					"world": {
						"x": 115,
						"y": 326,
						"width": 82.99994904339843,
						"height": 30,
						"originX": 0,
						"originY": 0,
						"color": [
							1,
							1,
							1,
							1
						],
						"angle": 0,
						"zElevation": 0
					}
				},
				{
					"type": "Sprite5",
					"properties": {
						"initially-visible": true,
						"initial-animation": "Animation 1",
						"initial-frame": 0,
						"enable-collisions": true,
						"live-preview": false
					},
					"uid": 27,
					"sid": 301038221065506,
					"tags": "",
					"instanceVariables": {},
					"behaviors": {},
					"instanceFolderItem": {
						"sid": 301038221065506,
						"expanded": true
					},
					"showing": true,
					"locked": false,
					"world": {
						"x": 981,
						"y": 815,
						"width": 274.3912833430838,
						"height": 96.65573997299754,
						"originX": 0.5,
						"originY": 0.5,
						"color": [
							1,
							1,
							1,
							1
						],
						"angle": 0,
						"zElevation": 0
					}
				},
				{
					"type": "BarreiraInv",
					"properties": {
						"initially-visible": true,
						"initial-animation": "Animation 1",
						"initial-frame": 0,
						"enable-collisions": true,
						"live-preview": false
					},
					"uid": 49,
					"sid": 760124582175463,
					"tags": "",
					"instanceVariables": {},
					"behaviors": {
						"Sólido": {
							"properties": {
								"enabled": true,
								"tags": ""
							}
						}
					},
					"instanceFolderItem": {
						"sid": 760124582175463,
						"expanded": true
					},
					"showing": true,
					"locked": false,
					"world": {
						"x": 375.5,
						"y": -36,
						"width": 562.5394682994272,
						"height": 45.385359673033854,
						"originX": 0.5,
						"originY": 0.5,
						"color": [
							1,
							1,
							1,
							1
						],
						"angle": 0,
						"zElevation": 0
					}
				},
				{
					"type": "Sprite19",
					"properties": {
						"initially-visible": true,
						"initial-animation": "Animation 1",
						"initial-frame": 0,
						"enable-collisions": true,
						"live-preview": false
					},
					"uid": 50,
					"sid": 849290504454224,
					"tags": "",
					"instanceVariables": {},
					"behaviors": {},
					"instanceFolderItem": {
						"sid": 849290504454224,
						"expanded": true
					},
					"showing": true,
					"locked": false,
					"world": {
						"x": 1016,
						"y": 882,
						"width": 152,
						"height": 63,
						"originX": 0.5,
						"originY": 0.5,
						"color": [
							1,
							1,
							1,
							1
						],
						"angle": 0,
						"zElevation": 0
					}
				},
				{
					"type": "Sprite21",
					"properties": {
						"initially-visible": true,
						"initial-animation": "Animation 1",
						"initial-frame": 0,
						"enable-collisions": true,
						"live-preview": false
					},
					"uid": 52,
					"sid": 494375174063995,
					"tags": "",
					"instanceVariables": {},
					"behaviors": {},
					"instanceFolderItem": {
						"sid": 494375174063995,
						"expanded": true
					},
					"showing": true,
					"locked": false,
					"world": {
						"x": 439,
						"y": 688,
						"width": 185,
						"height": 304,
						"originX": -1.4324324324324325,
						"originY": -0.6875,
						"color": [
							1,
							1,
							1,
							1
						],
						"angle": 0,
						"zElevation": 0
					}
				},
				{
					"type": "BarreiraInv",
					"properties": {
						"initially-visible": true,
						"initial-animation": "Animation 1",
						"initial-frame": 0,
						"enable-collisions": true,
						"live-preview": false
					},
					"uid": 56,
					"sid": 729000741780564,
					"tags": "",
					"instanceVariables": {},
					"behaviors": {
						"Sólido": {
							"properties": {
								"enabled": true,
								"tags": ""
							}
						}
					},
					"instanceFolderItem": {
						"sid": 729000741780564,
						"expanded": true
					},
					"showing": true,
					"locked": false,
					"world": {
						"x": 678,
						"y": 112,
						"width": 41.72837898066314,
						"height": 342.64255171767195,
						"originX": 0.5,
						"originY": 0.5,
						"color": [
							1,
							1,
							1,
							1
						],
						"angle": 0,
						"zElevation": 0
					}
				},
				{
					"type": "BarreiraInv",
					"properties": {
						"initially-visible": true,
						"initial-animation": "Animation 1",
						"initial-frame": 0,
						"enable-collisions": true,
						"live-preview": false
					},
					"uid": 57,
					"sid": 584247662255980,
					"tags": "",
					"instanceVariables": {},
					"behaviors": {
						"Sólido": {
							"properties": {
								"enabled": true,
								"tags": ""
							}
						}
					},
					"instanceFolderItem": {
						"sid": 584247662255980,
						"expanded": true
					},
					"showing": true,
					"locked": false,
					"world": {
						"x": 345,
						"y": 421,
						"width": 23.444294886144444,
						"height": 40.08269980888246,
						"originX": 0.5,
						"originY": 0.5,
						"color": [
							1,
							1,
							1,
							1
						],
						"angle": 0,
						"zElevation": 0
					}
				},
				{
					"type": "BarreiraInv",
					"properties": {
						"initially-visible": true,
						"initial-animation": "Animation 1",
						"initial-frame": 0,
						"enable-collisions": true,
						"live-preview": false
					},
					"uid": 58,
					"sid": 728126848767078,
					"tags": "",
					"instanceVariables": {},
					"behaviors": {
						"Sólido": {
							"properties": {
								"enabled": true,
								"tags": ""
							}
						}
					},
					"instanceFolderItem": {
						"sid": 728126848767078,
						"expanded": true
					},
					"showing": true,
					"locked": false,
					"world": {
						"x": 426,
						"y": 420,
						"width": 28.828851042564718,
						"height": 40.08269980888246,
						"originX": 0.5,
						"originY": 0.5,
						"color": [
							1,
							1,
							1,
							1
						],
						"angle": 0,
						"zElevation": 0
					}
				},
				{
					"type": "BarreiraInv",
					"properties": {
						"initially-visible": true,
						"initial-animation": "Animation 1",
						"initial-frame": 0,
						"enable-collisions": true,
						"live-preview": false
					},
					"uid": 59,
					"sid": 170518067651536,
					"tags": "",
					"instanceVariables": {},
					"behaviors": {
						"Sólido": {
							"properties": {
								"enabled": true,
								"tags": ""
							}
						}
					},
					"instanceFolderItem": {
						"sid": 170518067651536,
						"expanded": true
					},
					"showing": true,
					"locked": false,
					"world": {
						"x": 267,
						"y": 420,
						"width": 23.444294886144444,
						"height": 40.08269980888246,
						"originX": 0.5,
						"originY": 0.5,
						"color": [
							1,
							1,
							1,
							1
						],
						"angle": 0,
						"zElevation": 0
					}
				},
				{
					"type": "BarreiraInv",
					"properties": {
						"initially-visible": true,
						"initial-animation": "Animation 1",
						"initial-frame": 0,
						"enable-collisions": true,
						"live-preview": false
					},
					"uid": 60,
					"sid": 539051906569652,
					"tags": "",
					"instanceVariables": {},
					"behaviors": {
						"Sólido": {
							"properties": {
								"enabled": true,
								"tags": ""
							}
						}
					},
					"instanceFolderItem": {
						"sid": 539051906569652,
						"expanded": true
					},
					"showing": true,
					"locked": false,
					"world": {
						"x": 188,
						"y": 419,
						"width": 23.444294886144444,
						"height": 40.08269980888246,
						"originX": 0.5,
						"originY": 0.5,
						"color": [
							1,
							1,
							1,
							1
						],
						"angle": 0,
						"zElevation": 0
					}
				},
				{
					"type": "BarreiraInv",
					"properties": {
						"initially-visible": true,
						"initial-animation": "Animation 1",
						"initial-frame": 0,
						"enable-collisions": true,
						"live-preview": false
					},
					"uid": 72,
					"sid": 792494214291045,
					"tags": "",
					"instanceVariables": {},
					"behaviors": {
						"Sólido": {
							"properties": {
								"enabled": true,
								"tags": ""
							}
						}
					},
					"instanceFolderItem": {
						"sid": 792494214291045,
						"expanded": true
					},
					"showing": true,
					"locked": false,
					"world": {
						"x": 90,
						"y": 244,
						"width": 66.27468864697566,
						"height": 68.84321734963979,
						"originX": 0.5,
						"originY": 0.5,
						"color": [
							1,
							1,
							1,
							1
						],
						"angle": 0,
						"zElevation": 0
					}
				},
				{
					"type": "BarreiraInv",
					"properties": {
						"initially-visible": true,
						"initial-animation": "Animation 1",
						"initial-frame": 0,
						"enable-collisions": true,
						"live-preview": false
					},
					"uid": 73,
					"sid": 274399502133192,
					"tags": "",
					"instanceVariables": {},
					"behaviors": {
						"Sólido": {
							"properties": {
								"enabled": true,
								"tags": ""
							}
						}
					},
					"instanceFolderItem": {
						"sid": 274399502133192,
						"expanded": true
					},
					"showing": true,
					"locked": false,
					"world": {
						"x": 117.5,
						"y": 68,
						"width": 33.7649784986687,
						"height": 90.0108491748307,
						"originX": 0.5,
						"originY": 0.5,
						"color": [
							1,
							1,
							1,
							1
						],
						"angle": 0,
						"zElevation": 0
					}
				},
				{
					"type": "Sprite26",
					"properties": {
						"initially-visible": true,
						"initial-animation": "Animation 1",
						"initial-frame": 0,
						"enable-collisions": true,
						"live-preview": false
					},
					"uid": 80,
					"sid": 442568251019647,
					"tags": "",
					"instanceVariables": {},
					"behaviors": {},
					"instanceFolderItem": {
						"sid": 442568251019647,
						"expanded": true
					},
					"showing": true,
					"locked": false,
					"world": {
						"x": 888.4532927509865,
						"y": 530.7980310074279,
						"width": 243.6146677304639,
						"height": 69.3997521616455,
						"originX": 0.5,
						"originY": 0.5,
						"color": [
							1,
							1,
							1,
							1
						],
						"angle": 0,
						"zElevation": 0
					}
				},
				{
					"type": "Sprite15",
					"properties": {
						"initially-visible": true,
						"initial-animation": "Animation 1",
						"initial-frame": 0,
						"enable-collisions": true,
						"live-preview": false
					},
					"uid": 84,
					"sid": 404528801459468,
					"tags": "",
					"instanceVariables": {},
					"behaviors": {},
					"instanceFolderItem": {
						"sid": 404528801459468,
						"expanded": true
					},
					"showing": true,
					"locked": false,
					"world": {
						"x": 1391.0312695908215,
						"y": 748.9897366605405,
						"width": 512,
						"height": 906,
						"originX": 0.5,
						"originY": 0.5,
						"color": [
							1,
							1,
							1,
							0.5
						],
						"angle": 0,
						"zElevation": 0
					}
				},
				{
					"type": "Sprite15",
					"properties": {
						"initially-visible": true,
						"initial-animation": "Animation 1",
						"initial-frame": 0,
						"enable-collisions": true,
						"live-preview": false
					},
					"uid": 85,
					"sid": 689465113707124,
					"tags": "",
					"instanceVariables": {},
					"behaviors": {},
					"instanceFolderItem": {
						"sid": 689465113707124,
						"expanded": true
					},
					"showing": true,
					"locked": false,
					"world": {
						"x": 1390.3745798865139,
						"y": 744.1071136523899,
						"width": 512,
						"height": 906,
						"originX": 0.5,
						"originY": 0.5,
						"color": [
							1,
							1,
							1,
							0.5
						],
						"angle": 0,
						"zElevation": 0
					}
				},
				{
					"type": "Sprite15",
					"properties": {
						"initially-visible": true,
						"initial-animation": "Animation 1",
						"initial-frame": 0,
						"enable-collisions": true,
						"live-preview": false
					},
					"uid": 87,
					"sid": 537500500132331,
					"tags": "",
					"instanceVariables": {},
					"behaviors": {},
					"instanceFolderItem": {
						"sid": 537500500132331,
						"expanded": true
					},
					"showing": true,
					"locked": false,
					"world": {
						"x": 1305.693302710405,
						"y": -84.94449126543594,
						"width": 685.4859834170666,
						"height": 160.49707609379726,
						"originX": 0.5,
						"originY": 0.5,
						"color": [
							1,
							1,
							1,
							0.5
						],
						"angle": 0,
						"zElevation": 0
					}
				},
				{
					"type": "Sprite15",
					"properties": {
						"initially-visible": true,
						"initial-animation": "Animation 1",
						"initial-frame": 0,
						"enable-collisions": true,
						"live-preview": false
					},
					"uid": 88,
					"sid": 982649014905331,
					"tags": "",
					"instanceVariables": {},
					"behaviors": {},
					"instanceFolderItem": {
						"sid": 982649014905331,
						"expanded": true
					},
					"showing": true,
					"locked": false,
					"world": {
						"x": 1306,
						"y": -88,
						"width": 684.4859834170666,
						"height": 160.49707609379726,
						"originX": 0.5,
						"originY": 0.5,
						"color": [
							1,
							1,
							1,
							0.5
						],
						"angle": 0,
						"zElevation": 0
					}
				},
				{
					"type": "Sprite15",
					"properties": {
						"initially-visible": true,
						"initial-animation": "Animation 1",
						"initial-frame": 0,
						"enable-collisions": true,
						"live-preview": false
					},
					"uid": 89,
					"sid": 534545691375747,
					"tags": "",
					"instanceVariables": {},
					"behaviors": {},
					"instanceFolderItem": {
						"sid": 534545691375747,
						"expanded": true
					},
					"showing": true,
					"locked": false,
					"world": {
						"x": 1393.6582819439768,
						"y": 743.7118704534114,
						"width": 512,
						"height": 906,
						"originX": 0.5,
						"originY": 0.5,
						"color": [
							1,
							1,
							1,
							0.5
						],
						"angle": 0,
						"zElevation": 0
					}
				}
			],
			"sid": 298852386368017,
			"effectTypes": [],
			"isInitiallyVisible": true,
			"isInitiallyInteractive": true,
			"isHTMLElementsLayer": false,
			"color": [
				1,
				1,
				1,
				1
			],
			"backgroundColor": [
				0.3686274509803922,
				0.3686274509803922,
				0.3686274509803922,
				1
			],
			"isTransparent": true,
			"parallaxX": 0,
			"parallaxY": 0,
			"scaleRate": 1,
			"forceOwnTexture": false,
			"renderingMode": "3d",
			"drawOrder": "z-order",
			"useRenderCells": false,
			"blendMode": "normal",
			"zElevation": 0,
			"global": false
		}
	],
	"scene-graphs-folder-root": {
		"items": [],
		"subfolders": []
	},
	"sid": 287404295147360,
	"nonworld-instances": [],
	"effectTypes": [],
	"width": 1600,
	"height": 1600,
	"unboundedScrolling": false,
	"vpX": 0.5,
	"vpY": 0.5,
	"projection": "orthographic",
	"eventSheet": "Folha de eventos 1"
}