[["PlanoDeFundoEmBlocos",{}],["Thiago",{"animations":"{\"expanded\":true,\"subfolders\":[]}"}],["Teclado",{}],["Partículas",{}],["Sprite",{"animations":"{\"expanded\":true,\"subfolders\":[]}"}],["Sprite2",{"animations":"{\"expanded\":true,\"subfolders\":[]}"}],["Toque",{}],["Texto",{}],["BarreiraInv",{"animations":"{\"expanded\":true,\"subfolders\":[]}"}],["Sprite3",{"animations":"{\"expanded\":true,\"subfolders\":[]}"}],["Sprite4",{"animations":"{\"expanded\":true,\"subfolders\":[]}"}],["Sprite6",{"animations":"{\"expanded\":true,\"subfolders\":[]}"}],["Texto2",{}],["Sprite7",{"animations":"{\"expanded\":true,\"subfolders\":[]}"}],["Texto3",{}],["PlanoDeFundoEmBlocos2",{}],["Sprite8",{"animations":"{\"expanded\":true,\"subfolders\":[]}"}],["Texto4",{}],["Texto5",{}],["EventoArmario",{"animations":"{\"expanded\":true,\"subfolders\":[]}"}],["Sprite5",{"animations":"{\"expanded\":true,\"subfolders\":[]}"}],["Sprite9",{"animations":"{\"expanded\":true,\"subfolders\":[]}"}],["Sprite10",{"animations":"{\"expanded\":true,\"subfolders\":[]}"}],["PlanoDeFundoEmBlocos3",{}],["Sprite11",{"animations":"{\"expanded\":true,\"subfolders\":[]}"}],["Sprite12",{"animations":"{\"expanded\":true,\"subfolders\":[]}"}],["PlanoDeFundoEmBlocos4",{}],["Sprite13",{}],["Sprite14",{"animations":"{\"expanded\":true,\"subfolders\":[]}"}],["Sprite15",{"animations":"{\"expanded\":true,\"subfolders\":[]}"}],["Correntes",{"animations":"{\"expanded\":true,\"subfolders\":[]}"}],["Sprite16",{"animations":"{\"expanded\":true,\"subfolders\":[]}"}],["Ricardao",{"animations":"{\"expanded\":true,\"subfolders\":[]}"}],["Sprite17",{"animations":"{\"expanded\":true,\"subfolders\":[]}"}],["Sprite18",{"animations":"{\"expanded\":true,\"subfolders\":[]}"}],["Sprite19",{"animations":"{\"expanded\":true,\"subfolders\":[]}"}],["Sprite20",{"animations":"{\"expanded\":true,\"subfolders\":[]}"}],["WhatsApp_Image_20250829_at_114544removebgpreview",{"animations":"{\"expanded\":true,\"subfolders\":[]}"}],["Sprite21",{"animations":"{\"expanded\":true,\"subfolders\":[]}"}],["PlanoDeFundoEmBlocos5",{}],["PlanoDeFundoEmBlocos6",{}],["Áudio",{}],["Sprite22",{"animations":"{\"expanded\":true,\"subfolders\":[]}"}],["PuzzleBebedouro",{"animations":"{\"expanded\":true,\"subfolders\":[]}"}],["Sprite24",{"animations":"{\"expanded\":true,\"subfolders\":[]}"}],["EntradaDeTexto",{}],["Sprite25",{"animations":"{\"expanded\":true,\"subfolders\":[]}"}],["Texto6",{}],["Bread",{"animations":"{\"expanded\":true,\"subfolders\":[]}"}],["Nota",{"animations":"{\"expanded\":true,\"subfolders\":[]}"}],["Sprite23",{"animations":"{\"expanded\":true,\"subfolders\":[]}"}],["Sprite26",{"animations":"{\"expanded\":true,\"subfolders\":[]}"}],["Texto7",{}],["descerescada",{"animations":"{\"expanded\":true,\"subfolders\":[]}"}],["Texto8",{}],["PlanoDeFundoEmBlocos7",{}],["PlanoDeFundoEmBlocos8",{}],["GatoParanaense",{"animations":"{\"expanded\":true,\"subfolders\":[]}"}],["Sprite27",{"animations":"{\"expanded\":true,\"subfolders\":[]}"}],["Sprite28",{"animations":"{\"expanded\":true,\"subfolders\":[]}"}],["Texto9",{}],["Sprite29",{"animations":"{\"expanded\":true,\"subfolders\":[]}"}]]