{"propertiesBar":{"properties":[{"name":"Sobre","expanded":true,"children":[]},{"name":"Cores","expanded":true,"children":[]},{"name":"Iniciar","expanded":true,"children":[]},{"name":"Exibição","expanded":true,"children":[{"name":"Tamanho da tela","expanded":false,"children":[]}]},{"name":"Avançado","expanded":false,"children":[]},{"name":"Configurações de compatibilidade","expanded":false,"children":[]},{"name":"Editor","expanded":true,"children":[]}],"scrollPosition":0},"openTabs":{"active":{"name":"Folha de eventos 1","type":"eventSheet"},"open":[{"name":"Layout 1","type":"layout"},{"name":"Folha de eventos 1","type":"eventSheet"}]},"previewEffects":true,"previewBrowser":"default","pauseOnUnfocus":false,"projectBar":{"name":"<root>","children":[{"name":"PUC Scape - Xangai Games","expanded":true,"children":[{"name":"Layouts","expanded":true,"children":[{"name":"Layout 1","expanded":true,"children":[]},{"name":"Layout 2","expanded":true,"children":[]}]},{"name":"Folha de eventos","expanded":true,"children":[{"name":"Folha de eventos 1","expanded":true,"children":[]},{"name":"Folha de eventos 2","expanded":true,"children":[]}]},{"name":"Scripts","expanded":true,"children":[]},{"name":"Tipos de objeto","expanded":true,"children":[{"name":"BarreiraInv","expanded":true,"children":[]},{"name":"Bread","expanded":true,"children":[]},{"name":"Correntes","expanded":true,"children":[]},{"name":"descerescada","expanded":true,"children":[]},{"name":"EntradaDeTexto","expanded":true,"children":[]},{"name":"EventoArmario","expanded":true,"children":[]},{"name":"GatoParanaense","expanded":true,"children":[]},{"name":"Nota","expanded":true,"children":[]},{"name":"Partículas","expanded":true,"children":[]},{"name":"PlanoDeFundoEmBlocos","expanded":true,"children":[]},{"name":"PlanoDeFundoEmBlocos2","expanded":true,"children":[]},{"name":"PlanoDeFundoEmBlocos3","expanded":true,"children":[]},{"name":"PlanoDeFundoEmBlocos4","expanded":true,"children":[]},{"name":"PlanoDeFundoEmBlocos5","expanded":true,"children":[]},{"name":"PlanoDeFundoEmBlocos6","expanded":true,"children":[]},{"name":"PlanoDeFundoEmBlocos7","expanded":true,"children":[]},{"name":"PlanoDeFundoEmBlocos8","expanded":true,"children":[]},{"name":"PuzzleBebedouro","expanded":true,"children":[]},{"name":"Ricardao","expanded":true,"children":[]},{"name":"Sprite","expanded":true,"children":[]},{"name":"Sprite10","expanded":true,"children":[]},{"name":"Sprite11","expanded":true,"children":[]},{"name":"Sprite12","expanded":true,"children":[]},{"name":"Sprite13","expanded":true,"children":[]},{"name":"Sprite14","expanded":true,"children":[]},{"name":"Sprite15","expanded":true,"children":[]},{"name":"Sprite16","expanded":true,"children":[]},{"name":"Sprite17","expanded":true,"children":[]},{"name":"Sprite18","expanded":true,"children":[]},{"name":"Sprite19","expanded":true,"children":[]},{"name":"Sprite2","expanded":true,"children":[]},{"name":"Sprite20","expanded":true,"children":[]},{"name":"Sprite21","expanded":true,"children":[]},{"name":"Sprite22","expanded":true,"children":[]},{"name":"Sprite23","expanded":true,"children":[]},{"name":"Sprite24","expanded":true,"children":[]},{"name":"Sprite25","expanded":true,"children":[]},{"name":"Sprite26","expanded":true,"children":[]},{"name":"Sprite27","expanded":true,"children":[]},{"name":"Sprite28","expanded":true,"children":[]},{"name":"Sprite29","expanded":true,"children":[]},{"name":"Sprite3","expanded":true,"children":[]},{"name":"Sprite4","expanded":true,"children":[]},{"name":"Sprite5","expanded":true,"children":[]},{"name":"Sprite6","expanded":true,"children":[]},{"name":"Sprite7","expanded":true,"children":[]},{"name":"Sprite8","expanded":true,"children":[]},{"name":"Sprite9","expanded":true,"children":[]},{"name":"Teclado","expanded":true,"children":[]},{"name":"Texto","expanded":true,"children":[]},{"name":"Texto10","expanded":true,"children":[]},{"name":"Texto11","expanded":true,"children":[]},{"name":"Texto12","expanded":true,"children":[]},{"name":"Texto2","expanded":true,"children":[]},{"name":"Texto3","expanded":true,"children":[]},{"name":"Texto4","expanded":true,"children":[]},{"name":"Texto5","expanded":true,"children":[]},{"name":"Texto6","expanded":true,"children":[]},{"name":"Texto7","expanded":true,"children":[]},{"name":"Texto8","expanded":true,"children":[]},{"name":"Texto9","expanded":true,"children":[]},{"name":"Thiago","expanded":true,"children":[]},{"name":"Toque","expanded":true,"children":[]},{"name":"WhatsApp_Image_20250829_at_114544removebgpreview","expanded":true,"children":[]},{"name":"Áudio","expanded":true,"children":[]}]},{"name":"Famílias","expanded":true,"children":[]},{"name":"Linhas do tempo","expanded":true,"children":[{"name":"Atenuações","expanded":false,"children":[]},{"name":"Linha do tempo 1","expanded":true,"children":[]}]},{"name":"Fluxogramas","expanded":true,"children":[{"name":"Fluxograma 1","expanded":true,"children":[]}]},{"name":"Sons","expanded":true,"children":[{"name":"close-door-382723.webm","expanded":true,"children":[]}]},{"name":"Música","expanded":true,"children":[{"name":"Awkward Meeting.webm","expanded":true,"children":[]}]},{"name":"Vídeos","expanded":true,"children":[]},{"name":"Fontes","expanded":true,"children":[]},{"name":"Ícones & capturas de tela","expanded":false,"children":[{"name":"icon-128.png","expanded":true,"children":[]},{"name":"icon-16.png","expanded":true,"children":[]},{"name":"icon-256.png","expanded":true,"children":[]},{"name":"icon-32.png","expanded":true,"children":[]},{"name":"icon-512.png","expanded":true,"children":[]},{"name":"icon-64.png","expanded":true,"children":[]},{"name":"loading-logo.png","expanded":true,"children":[]}]},{"name":"Arquivos","expanded":true,"children":[]}]}]},"propertiesBarActiveObject":{"name":"instances","type":"array"}}