{
	"name": "Folha de eventos 1",
	"events": [
		{
			"eventType": "variable",
			"name": "PrimeiraPista",
			"type": "number",
			"initialValue": "0",
			"comment": "",
			"isStatic": false,
			"isConstant": false,
			"sid": 735145969289817
		},
		{
			"eventType": "variable",
			"name": "ChaveArmario",
			"type": "number",
			"initialValue": "0",
			"comment": "",
			"isStatic": false,
			"isConstant": false,
			"sid": 212693617024143
		},
		{
			"eventType": "variable",
			"name": "Stamina",
			"type": "number",
			"initialValue": "100",
			"comment": "",
			"isStatic": false,
			"isConstant": false,
			"sid": 220174742053180
		},
		{
			"eventType": "variable",
			"name": "StaminaMax",
			"type": "number",
			"initialValue": "100",
			"comment": "",
			"isStatic": false,
			"isConstant": false,
			"sid": 432203793775697
		},
		{
			"eventType": "variable",
			"name": "ChavePorta1",
			"type": "number",
			"initialValue": "0",
			"comment": "",
			"isStatic": false,
			"isConstant": false,
			"sid": 682081903184601
		},
		{
			"eventType": "variable",
			"name": "CortadorCorrente",
			"type": "number",
			"initialValue": "0",
			"comment": "",
			"isStatic": false,
			"isConstant": false,
			"sid": 593568084436491
		},
		{
			"eventType": "variable",
			"name": "PaoObtido",
			"type": "number",
			"initialValue": "0",
			"comment": "",
			"isStatic": false,
			"isConstant": false,
			"sid": 489867109211714
		},
		{
			"eventType": "variable",
			"name": "NotaLida",
			"type": "number",
			"initialValue": "0",
			"comment": "",
			"isStatic": false,
			"isConstant": false,
			"sid": 446033697243305
		},
		{
			"eventType": "variable",
			"name": "CofreAberto",
			"type": "number",
			"initialValue": "0",
			"comment": "",
			"isStatic": false,
			"isConstant": false,
			"sid": 549130987391910
		},
		{
			"eventType": "block",
			"conditions": [
				{
					"id": "on-key-pressed",
					"objectClass": "Teclado",
					"sid": 517142269165186,
					"parameters": {
						"key": 16
					}
				},
				{
					"id": "compare-eventvar",
					"objectClass": "System",
					"sid": 478628370029283,
					"parameters": {
						"variable": "Stamina",
						"comparison": 5,
						"value": "20"
					}
				}
			],
			"actions": [
				{
					"id": "set-speed",
					"objectClass": "Thiago",
					"sid": 406951258008043,
					"behaviorType": "MovimentoEmGrid",
					"parameters": {
						"x": "200",
						"y": "200"
					}
				}
			],
			"sid": 318227954482865
		},
		{
			"eventType": "block",
			"conditions": [
				{
					"id": "on-key-released",
					"objectClass": "Teclado",
					"sid": 936493018023973,
					"parameters": {
						"key": 16
					}
				}
			],
			"actions": [
				{
					"id": "set-speed",
					"objectClass": "Thiago",
					"sid": 146653617710981,
					"behaviorType": "MovimentoEmGrid",
					"parameters": {
						"x": "100",
						"y": "100"
					}
				}
			],
			"sid": 254304287931416
		},
		{
			"eventType": "block",
			"conditions": [],
			"actions": [],
			"sid": 600615515106703
		},
		{
			"eventType": "block",
			"conditions": [
				{
					"id": "on-start-of-layout",
					"objectClass": "System",
					"sid": 892523210802530
				}
			],
			"actions": [
				{
					"id": "set-ignoring-input",
					"objectClass": "Thiago",
					"sid": 894545887423371,
					"behaviorType": "MovimentoEmGrid",
					"parameters": {
						"input": "start-ignoring"
					}
				},
				{
					"id": "move-to-top",
					"objectClass": "Sprite2",
					"sid": 513708553554577
				},
				{
					"id": "spawn-another-object",
					"objectClass": "Sprite2",
					"sid": 466315645233740,
					"parameters": {
						"object": "Sprite2",
						"layer": "1",
						"image-point": "0",
						"create-hierarchy": false,
						"template-name": "\"\""
					}
				},
				{
					"id": "set-visible",
					"objectClass": "Sprite2",
					"sid": 685931099608723,
					"parameters": {
						"visibility": "visible"
					}
				},
				{
					"id": "set-position",
					"objectClass": "Sprite2",
					"sid": 387891779062882,
					"parameters": {
						"x": "Thiago.X-10",
						"y": "Thiago.Y"
					}
				},
				{
					"id": "wait",
					"objectClass": "System",
					"sid": 800164510123569,
					"parameters": {
						"seconds": "5",
						"use-timescale": true
					}
				},
				{
					"id": "destroy",
					"objectClass": "Sprite2",
					"sid": 487640609920517
				},
				{
					"id": "set-ignoring-input",
					"objectClass": "Thiago",
					"sid": 841639841707668,
					"behaviorType": "MovimentoEmGrid",
					"parameters": {
						"input": "stop-ignoring"
					}
				}
			],
			"sid": 881237418650168
		},
		{
			"eventType": "block",
			"conditions": [
				{
					"id": "on-start-of-layout",
					"objectClass": "System",
					"sid": 750511402427829
				}
			],
			"actions": [
				{
					"id": "set-visible",
					"objectClass": "Texto",
					"sid": 476189862918100,
					"parameters": {
						"visibility": "visible"
					}
				}
			],
			"sid": 626977196578796
		},
		{
			"eventType": "block",
			"conditions": [
				{
					"id": "on-collision-with-another-object",
					"objectClass": "Correntes",
					"sid": 662961394455981,
					"parameters": {
						"object": "Thiago"
					}
				}
			],
			"actions": [
				{
					"id": "create-object",
					"objectClass": "System",
					"sid": 307184601106123,
					"parameters": {
						"object-to-create": "Sprite3",
						"layer": "1",
						"x": "ViewportWidth(1)/2",
						"y": "ViewportHeight(1)/2",
						"create-hierarchy": false,
						"template-name": "\"\""
					}
				},
				{
					"id": "set-speed",
					"objectClass": "Thiago",
					"sid": 257716981972689,
					"behaviorType": "MovimentoEmGrid",
					"parameters": {
						"x": "0",
						"y": "0"
					}
				},
				{
					"id": "wait",
					"objectClass": "System",
					"sid": 173623191990083,
					"parameters": {
						"seconds": "3",
						"use-timescale": true
					}
				},
				{
					"id": "destroy",
					"objectClass": "Sprite3",
					"sid": 466809129485946
				},
				{
					"id": "set-speed",
					"objectClass": "Thiago",
					"sid": 789113676749299,
					"behaviorType": "MovimentoEmGrid",
					"parameters": {
						"x": "100",
						"y": "100"
					}
				}
			],
			"sid": 185072149377758
		},
		{
			"eventType": "block",
			"conditions": [],
			"actions": [],
			"sid": 448042091552807
		},
		{
			"eventType": "block",
			"conditions": [
				{
					"id": "every-x-seconds",
					"objectClass": "System",
					"sid": 497505236598579,
					"parameters": {
						"interval-seconds": "2"
					}
				},
				{
					"id": "key-is-down",
					"objectClass": "Teclado",
					"sid": 358235446543788,
					"parameters": {
						"key": 16
					},
					"isInverted": true
				},
				{
					"id": "compare-eventvar",
					"objectClass": "System",
					"sid": 390011193499716,
					"parameters": {
						"variable": "Stamina",
						"comparison": 2,
						"value": "100"
					}
				}
			],
			"actions": [
				{
					"id": "add-to-eventvar",
					"objectClass": "System",
					"sid": 792704182110158,
					"parameters": {
						"variable": "Stamina",
						"value": "3"
					}
				}
			],
			"sid": 329726218099833
		},
		{
			"eventType": "block",
			"conditions": [
				{
					"id": "every-tick",
					"objectClass": "System",
					"sid": 918377987153018
				}
			],
			"actions": [
				{
					"id": "move-to-bottom",
					"objectClass": "Texto2",
					"sid": 718075722750315
				},
				{
					"id": "set-position",
					"objectClass": "Texto2",
					"sid": 470694308580764,
					"parameters": {
						"x": "ViewportMidX(1)+100",
						"y": "ViewportMidY(1)-65"
					}
				},
				{
					"id": "set-text",
					"objectClass": "Texto2",
					"sid": 638159281914770,
					"parameters": {
						"text": "Stamina"
					}
				},
				{
					"id": "set-font-color",
					"objectClass": "Texto2",
					"sid": 258837749515943,
					"parameters": {
						"color": "rgbEx(255, 0, 127)"
					}
				},
				{
					"id": "move-to-layer",
					"objectClass": "Texto2",
					"sid": 663244694146932,
					"parameters": {
						"layer": "1"
					}
				}
			],
			"sid": 718273451414932
		},
		{
			"eventType": "block",
			"conditions": [
				{
					"id": "compare-eventvar",
					"objectClass": "System",
					"sid": 409224741853441,
					"parameters": {
						"variable": "Stamina",
						"comparison": 4,
						"value": "0"
					}
				},
				{
					"id": "every-x-seconds",
					"objectClass": "System",
					"sid": 907516440733022,
					"parameters": {
						"interval-seconds": "0.2"
					}
				},
				{
					"id": "key-is-down",
					"objectClass": "Teclado",
					"sid": 333256060309066,
					"parameters": {
						"key": 16
					}
				}
			],
			"actions": [
				{
					"id": "subtract-from-eventvar",
					"objectClass": "System",
					"sid": 217269799119844,
					"parameters": {
						"variable": "Stamina",
						"value": "2"
					}
				}
			],
			"sid": 666942307589889
		},
		{
			"eventType": "block",
			"conditions": [
				{
					"id": "every-tick",
					"objectClass": "System",
					"sid": 273974413133837
				},
				{
					"id": "compare-eventvar",
					"objectClass": "System",
					"sid": 542583753234060,
					"parameters": {
						"variable": "Stamina",
						"comparison": 3,
						"value": "20"
					}
				}
			],
			"actions": [
				{
					"id": "set-speed",
					"objectClass": "Thiago",
					"sid": 895475908542739,
					"behaviorType": "MovimentoEmGrid",
					"parameters": {
						"x": "75",
						"y": "75"
					}
				}
			],
			"sid": 389618437640674
		},
		{
			"eventType": "block",
			"conditions": [
				{
					"id": "on-key-pressed",
					"objectClass": "Teclado",
					"sid": 342600976984588,
					"parameters": {
						"key": 69
					}
				}
			],
			"actions": [],
			"sid": 306549301286187
		},
		{
			"eventType": "block",
			"conditions": [
				{
					"id": "on-key-pressed",
					"objectClass": "Teclado",
					"sid": 665892705088729,
					"parameters": {
						"key": 38
					}
				}
			],
			"actions": [
				{
					"id": "set-animation",
					"objectClass": "Thiago",
					"sid": 247776050735249,
					"parameters": {
						"animation": "\"Cima\"",
						"from": "beginning"
					}
				}
			],
			"sid": 409947952379652
		},
		{
			"eventType": "block",
			"conditions": [
				{
					"id": "on-collision-with-another-object",
					"objectClass": "Sprite6",
					"sid": 529507702312578,
					"parameters": {
						"object": "Thiago"
					}
				}
			],
			"actions": [
				{
					"id": "set-eventvar-value",
					"objectClass": "System",
					"sid": 934676712930210,
					"parameters": {
						"variable": "ChaveArmario",
						"value": "1"
					}
				},
				{
					"id": "destroy",
					"objectClass": "Sprite6",
					"sid": 445324350022867
				},
				{
					"id": "set-ignoring-input",
					"objectClass": "Thiago",
					"sid": 288520229541320,
					"behaviorType": "MovimentoEmGrid",
					"parameters": {
						"input": "start-ignoring"
					}
				},
				{
					"id": "create-object",
					"objectClass": "System",
					"sid": 260433365347338,
					"parameters": {
						"object-to-create": "Sprite16",
						"layer": "1",
						"x": "ViewportWidth(1)/2",
						"y": "ViewportHeight(1)/2",
						"create-hierarchy": false,
						"template-name": "\"\""
					}
				},
				{
					"id": "set-position",
					"objectClass": "Sprite16",
					"sid": 591430308486928,
					"parameters": {
						"x": "ViewportWidth(1)/2",
						"y": "ViewportHeight(1)/2"
					}
				},
				{
					"id": "wait",
					"objectClass": "System",
					"sid": 629117086850157,
					"parameters": {
						"seconds": "3",
						"use-timescale": true
					}
				},
				{
					"id": "set-ignoring-input",
					"objectClass": "Thiago",
					"sid": 193524390070916,
					"behaviorType": "MovimentoEmGrid",
					"parameters": {
						"input": "stop-ignoring"
					}
				},
				{
					"id": "wait",
					"objectClass": "System",
					"sid": 364038531047279,
					"parameters": {
						"seconds": "3",
						"use-timescale": true
					}
				},
				{
					"id": "destroy",
					"objectClass": "Sprite16",
					"sid": 136627514463486
				}
			],
			"sid": 921032317786143
		},
		{
			"eventType": "block",
			"conditions": [
				{
					"id": "on-collision-with-another-object",
					"objectClass": "Thiago",
					"sid": 111035367306400,
					"parameters": {
						"object": "Sprite8"
					}
				},
				{
					"id": "compare-eventvar",
					"objectClass": "System",
					"sid": 847987718103313,
					"parameters": {
						"variable": "ChaveArmario",
						"comparison": 0,
						"value": "1"
					}
				},
				{
					"id": "compare-eventvar",
					"objectClass": "System",
					"sid": 721846480695956,
					"parameters": {
						"variable": "ChavePorta1",
						"comparison": 0,
						"value": "0"
					}
				},
				{
					"id": "compare-eventvar",
					"objectClass": "System",
					"sid": 481687621815409,
					"parameters": {
						"variable": "CortadorCorrente",
						"comparison": 0,
						"value": "0"
					}
				}
			],
			"actions": [
				{
					"id": "set-visible",
					"objectClass": "Texto4",
					"sid": 540291188111430,
					"parameters": {
						"visibility": "visible"
					}
				},
				{
					"id": "wait",
					"objectClass": "System",
					"sid": 903478317187570,
					"parameters": {
						"seconds": "4",
						"use-timescale": true
					}
				},
				{
					"id": "set-visible",
					"objectClass": "Texto4",
					"sid": 819634323826011,
					"parameters": {
						"visibility": "invisible"
					}
				}
			],
			"sid": 750662462619665
		},
		{
			"eventType": "block",
			"conditions": [
				{
					"id": "on-collision-with-another-object",
					"objectClass": "Thiago",
					"sid": 364614548126734,
					"parameters": {
						"object": "Sprite7"
					}
				}
			],
			"actions": [
				{
					"id": "create-object",
					"objectClass": "System",
					"sid": 876916750057204,
					"parameters": {
						"object-to-create": "Sprite4",
						"layer": "1",
						"x": "Thiago.X",
						"y": "Thiago.Y",
						"create-hierarchy": false,
						"template-name": "\"\""
					}
				},
				{
					"id": "set-position",
					"objectClass": "Sprite4",
					"sid": 514380847346187,
					"parameters": {
						"x": "Thiago.X-370",
						"y": "ViewportHeight(1)/2"
					}
				},
				{
					"id": "set-scale",
					"objectClass": "Sprite4",
					"sid": 587543831298140,
					"parameters": {
						"scale": "0.7"
					}
				},
				{
					"id": "set-ignoring-input",
					"objectClass": "Thiago",
					"sid": 367833135483290,
					"behaviorType": "MovimentoEmGrid",
					"parameters": {
						"input": "start-ignoring"
					}
				},
				{
					"id": "wait",
					"objectClass": "System",
					"sid": 603160126311431,
					"parameters": {
						"seconds": "10",
						"use-timescale": true
					}
				},
				{
					"id": "set-ignoring-input",
					"objectClass": "Thiago",
					"sid": 246446946388238,
					"behaviorType": "MovimentoEmGrid",
					"parameters": {
						"input": "stop-ignoring"
					}
				},
				{
					"id": "destroy",
					"objectClass": "Sprite7",
					"sid": 756214749692909
				},
				{
					"id": "destroy",
					"objectClass": "Sprite4",
					"sid": 335138405383389
				}
			],
			"sid": 698287788246885
		},
		{
			"eventType": "block",
			"conditions": [
				{
					"id": "on-key-pressed",
					"objectClass": "Teclado",
					"sid": 764767825969383,
					"parameters": {
						"key": 40
					}
				}
			],
			"actions": [
				{
					"id": "set-animation",
					"objectClass": "Thiago",
					"sid": 693003524578173,
					"parameters": {
						"animation": "\"Baixo\"",
						"from": "beginning"
					}
				}
			],
			"sid": 566257140257179
		},
		{
			"eventType": "block",
			"conditions": [
				{
					"id": "on-collision-with-another-object",
					"objectClass": "Thiago",
					"sid": 497051719013854,
					"parameters": {
						"object": "EventoArmario"
					}
				},
				{
					"id": "compare-eventvar",
					"objectClass": "System",
					"sid": 755054255064293,
					"parameters": {
						"variable": "ChaveArmario",
						"comparison": 0,
						"value": "1"
					}
				}
			],
			"actions": [
				{
					"id": "add-to-eventvar",
					"objectClass": "System",
					"sid": 604324775407307,
					"parameters": {
						"variable": "ChavePorta1",
						"value": "1"
					}
				},
				{
					"id": "create-object",
					"objectClass": "System",
					"sid": 476223796387108,
					"parameters": {
						"object-to-create": "Sprite5",
						"layer": "1",
						"x": "Thiago.X",
						"y": "Thiago.Y",
						"create-hierarchy": false,
						"template-name": "\"\""
					}
				},
				{
					"id": "set-ignoring-input",
					"objectClass": "Thiago",
					"sid": 180872117923436,
					"behaviorType": "MovimentoEmGrid",
					"parameters": {
						"input": "start-ignoring"
					}
				},
				{
					"id": "set-position",
					"objectClass": "Sprite5",
					"sid": 284335220129406,
					"parameters": {
						"x": "ViewportWidth(1)/2",
						"y": "ViewportHeight(1)/2"
					}
				},
				{
					"id": "wait",
					"objectClass": "System",
					"sid": 632982388948339,
					"parameters": {
						"seconds": "5",
						"use-timescale": true
					}
				},
				{
					"id": "destroy",
					"objectClass": "Sprite5",
					"sid": 523454716684012
				},
				{
					"id": "set-ignoring-input",
					"objectClass": "Thiago",
					"sid": 473449774618869,
					"behaviorType": "MovimentoEmGrid",
					"parameters": {
						"input": "stop-ignoring"
					}
				}
			],
			"sid": 831943516319183
		},
		{
			"eventType": "block",
			"conditions": [
				{
					"id": "on-start-of-layout",
					"objectClass": "System",
					"sid": 443747937979342
				}
			],
			"actions": [
				{
					"id": "play",
					"objectClass": "Áudio",
					"sid": 165548903783332,
					"parameters": {
						"audio-file": "Awkward Meeting",
						"loop": "looping",
						"volume": "-3",
						"stereo-pan": "0",
						"tag-optional": "\"\""
					}
				}
			],
			"sid": 413813043541253
		},
		{
			"eventType": "block",
			"conditions": [
				{
					"id": "on-collision-with-another-object",
					"objectClass": "Sprite8",
					"sid": 494805286626848,
					"parameters": {
						"object": "Thiago"
					}
				},
				{
					"id": "compare-eventvar",
					"objectClass": "System",
					"sid": 262431976046037,
					"parameters": {
						"variable": "ChavePorta1",
						"comparison": 5,
						"value": "1"
					}
				},
				{
					"id": "compare-eventvar",
					"objectClass": "System",
					"sid": 722545682338952,
					"parameters": {
						"variable": "CortadorCorrente",
						"comparison": 5,
						"value": "1"
					}
				}
			],
			"actions": [
				{
					"id": "destroy",
					"objectClass": "Sprite8",
					"sid": 178923333506615
				},
				{
					"id": "destroy",
					"objectClass": "Sprite25",
					"sid": 703746295616384
				},
				{
					"id": "set-position",
					"objectClass": "Thiago",
					"sid": 779285679311866,
					"parameters": {
						"x": "Thiago.X",
						"y": "Thiago.Y-150"
					}
				},
				{
					"id": "move-to-top",
					"objectClass": "Thiago",
					"sid": 586085619111055
				},
				{
					"id": "play",
					"objectClass": "Áudio",
					"sid": 157977660294692,
					"parameters": {
						"audio-file": "close-door-382723",
						"loop": "not-looping",
						"volume": "-5",
						"stereo-pan": "0",
						"tag-optional": "\"\""
					}
				},
				{
					"id": "set-ignoring-input",
					"objectClass": "Thiago",
					"sid": 648262605323479,
					"behaviorType": "MovimentoEmGrid",
					"parameters": {
						"input": "start-ignoring"
					}
				},
				{
					"id": "set-visible",
					"objectClass": "Texto12",
					"sid": 226681385045348,
					"parameters": {
						"visibility": "visible"
					}
				},
				{
					"id": "wait",
					"objectClass": "System",
					"sid": 132655131747905,
					"parameters": {
						"seconds": "5",
						"use-timescale": true
					}
				},
				{
					"id": "set-ignoring-input",
					"objectClass": "Thiago",
					"sid": 600648295133626,
					"behaviorType": "MovimentoEmGrid",
					"parameters": {
						"input": "stop-ignoring"
					}
				},
				{
					"id": "set-visible",
					"objectClass": "Texto12",
					"sid": 747256409888334,
					"parameters": {
						"visibility": "invisible"
					}
				}
			],
			"sid": 261784861109276
		},
		{
			"eventType": "block",
			"conditions": [
				{
					"id": "on-collision-with-another-object",
					"objectClass": "Thiago",
					"sid": 490418221058642,
					"parameters": {
						"object": "Sprite8"
					}
				},
				{
					"id": "compare-eventvar",
					"objectClass": "System",
					"sid": 441236502639842,
					"parameters": {
						"variable": "ChavePorta1",
						"comparison": 0,
						"value": "0"
					}
				},
				{
					"id": "compare-eventvar",
					"objectClass": "System",
					"sid": 732491367933433,
					"parameters": {
						"variable": "CortadorCorrente",
						"comparison": 0,
						"value": "1"
					}
				}
			],
			"actions": [
				{
					"id": "set-visible",
					"objectClass": "Texto4",
					"sid": 609295866631181,
					"parameters": {
						"visibility": "visible"
					}
				},
				{
					"id": "set-text",
					"objectClass": "Texto4",
					"sid": 341334841241047,
					"parameters": {
						"text": "\"Preciso de uma outra chave....\""
					}
				},
				{
					"id": "wait",
					"objectClass": "System",
					"sid": 724683170209439,
					"parameters": {
						"seconds": "5",
						"use-timescale": true
					}
				},
				{
					"id": "destroy",
					"objectClass": "Texto4",
					"sid": 563797989382571
				}
			],
			"sid": 584594810376789
		},
		{
			"eventType": "block",
			"conditions": [
				{
					"id": "on-start-of-layout",
					"objectClass": "System",
					"sid": 656432451382425
				}
			],
			"actions": [
				{
					"id": "set-enabled",
					"objectClass": "Ricardao",
					"sid": 143294994657571,
					"behaviorType": "MovimentoEmGrid",
					"parameters": {
						"state": "disabled"
					}
				},
				{
					"id": "set-enabled",
					"objectClass": "Ricardao",
					"sid": 439114801893794,
					"behaviorType": "MoverPara",
					"parameters": {
						"enabled": false
					}
				},
				{
					"id": "create-object",
					"objectClass": "System",
					"sid": 876410197954889,
					"parameters": {
						"object-to-create": "Texto",
						"layer": "1",
						"x": "ViewportMidX(1)",
						"y": "ViewportMidY(1)+10",
						"create-hierarchy": false,
						"template-name": "\"\""
					}
				},
				{
					"id": "set-visible",
					"objectClass": "Texto8",
					"sid": 197464781942654,
					"parameters": {
						"visibility": "invisible"
					}
				},
				{
					"id": "set-visible",
					"objectClass": "Texto",
					"sid": 952125780535906,
					"parameters": {
						"visibility": "visible"
					}
				},
				{
					"id": "set-text",
					"objectClass": "Texto",
					"sid": 549986999021291,
					"parameters": {
						"text": "\"USE SETINHAS PRA SE MOVER\""
					}
				},
				{
					"id": "set-font-color",
					"objectClass": "Texto",
					"sid": 856904782367673,
					"parameters": {
						"color": "rgbEx(255, 255, 255)"
					}
				},
				{
					"id": "wait",
					"objectClass": "System",
					"sid": 268214828636190,
					"parameters": {
						"seconds": "25",
						"use-timescale": true
					}
				},
				{
					"id": "set-visible",
					"objectClass": "Texto8",
					"sid": 469723738616954,
					"parameters": {
						"visibility": "invisible"
					}
				},
				{
					"id": "set-enabled",
					"objectClass": "Ricardao",
					"sid": 247110342075834,
					"behaviorType": "MoverPara",
					"parameters": {
						"enabled": true
					}
				},
				{
					"id": "set-enabled",
					"objectClass": "Ricardao",
					"sid": 535199257134929,
					"behaviorType": "MovimentoEmGrid",
					"parameters": {
						"state": "enabled"
					}
				}
			],
			"sid": 302641981369214
		},
		{
			"eventType": "block",
			"conditions": [
				{
					"id": "on-collision-with-another-object",
					"objectClass": "Thiago",
					"sid": 434170983976176,
					"parameters": {
						"object": "WhatsApp_Image_20250829_at_114544removebgpreview"
					}
				}
			],
			"actions": [
				{
					"id": "set-ignoring-input",
					"objectClass": "Thiago",
					"sid": 621011124912389,
					"behaviorType": "MovimentoEmGrid",
					"parameters": {
						"input": "start-ignoring"
					}
				},
				{
					"id": "create-object",
					"objectClass": "System",
					"sid": 753242787970426,
					"parameters": {
						"object-to-create": "EntradaDeTexto",
						"layer": "1",
						"x": "0",
						"y": "0",
						"create-hierarchy": false,
						"template-name": "\"\""
					}
				},
				{
					"id": "set-visible",
					"objectClass": "Texto6",
					"sid": 486293231409744,
					"parameters": {
						"visibility": "visible"
					}
				},
				{
					"id": "set-visible",
					"objectClass": "EntradaDeTexto",
					"sid": 824054756339894,
					"parameters": {
						"visibility": "visible"
					}
				},
				{
					"id": "set-enabled",
					"objectClass": "EntradaDeTexto",
					"sid": 405071249176716,
					"parameters": {
						"mode": "enabled"
					}
				},
				{
					"id": "set-ignoring-input",
					"objectClass": "Thiago",
					"sid": 359554589316293,
					"behaviorType": "MovimentoEmGrid",
					"parameters": {
						"input": "stop-ignoring"
					}
				}
			],
			"sid": 155208457414370
		},
		{
			"eventType": "block",
			"conditions": [
				{
					"id": "on-key-pressed",
					"objectClass": "Teclado",
					"sid": 525013689105175,
					"parameters": {
						"key": 13
					}
				},
				{
					"id": "compare-text",
					"objectClass": "EntradaDeTexto",
					"sid": 896896699265615,
					"parameters": {
						"text": "\"5\"",
						"case": "case-insensitive"
					}
				}
			],
			"actions": [
				{
					"id": "set-eventvar-value",
					"objectClass": "System",
					"sid": 420646960680416,
					"parameters": {
						"variable": "CortadorCorrente",
						"value": "1"
					}
				},
				{
					"id": "set-visible",
					"objectClass": "Sprite24",
					"sid": 145729281369447,
					"parameters": {
						"visibility": "visible"
					}
				},
				{
					"id": "wait",
					"objectClass": "System",
					"sid": 542344899991090,
					"parameters": {
						"seconds": "1",
						"use-timescale": true
					}
				},
				{
					"id": "destroy",
					"objectClass": "EntradaDeTexto",
					"sid": 850749123391096
				},
				{
					"id": "wait",
					"objectClass": "System",
					"sid": 621099279445372,
					"parameters": {
						"seconds": "5",
						"use-timescale": true
					}
				},
				{
					"id": "destroy",
					"objectClass": "Sprite24",
					"sid": 739715181578513
				},
				{
					"id": "destroy",
					"objectClass": "Texto6",
					"sid": 382361867788856
				}
			],
			"sid": 633915322029884
		},
		{
			"eventType": "block",
			"conditions": [],
			"actions": [],
			"sid": 299693524199744
		},
		{
			"eventType": "block",
			"conditions": [
				{
					"id": "on-collision-with-another-object",
					"objectClass": "Bread",
					"sid": 765477184174391,
					"parameters": {
						"object": "Thiago"
					}
				}
			],
			"actions": [
				{
					"id": "destroy",
					"objectClass": "Bread",
					"sid": 930334639955640
				},
				{
					"id": "set-eventvar-value",
					"objectClass": "System",
					"sid": 277808351523903,
					"parameters": {
						"variable": "PaoObtido",
						"value": "1"
					}
				},
				{
					"id": "set-visible",
					"objectClass": "Texto8",
					"sid": 941502338956923,
					"parameters": {
						"visibility": "visible"
					}
				},
				{
					"id": "wait",
					"objectClass": "System",
					"sid": 471185588786017,
					"parameters": {
						"seconds": "3",
						"use-timescale": true
					}
				},
				{
					"id": "destroy",
					"objectClass": "Texto8",
					"sid": 286237162753759
				}
			],
			"sid": 850835093489525
		},
		{
			"eventType": "block",
			"conditions": [],
			"actions": [],
			"sid": 635213229937947
		},
		{
			"eventType": "block",
			"conditions": [
				{
					"id": "is-moving",
					"objectClass": "Thiago",
					"sid": 273804340755286,
					"behaviorType": "MovimentoEmGrid"
				}
			],
			"actions": [
				{
					"id": "wait",
					"objectClass": "System",
					"sid": 730253724051379,
					"parameters": {
						"seconds": "0.5",
						"use-timescale": true
					}
				}
			],
			"sid": 186887387763165
		},
		{
			"eventType": "block",
			"conditions": [
				{
					"id": "on-collision-with-another-object",
					"objectClass": "Nota",
					"sid": 184241412197343,
					"parameters": {
						"object": "Thiago"
					}
				},
				{
					"id": "compare-eventvar",
					"objectClass": "System",
					"sid": 713896178740889,
					"parameters": {
						"variable": "CofreAberto",
						"comparison": 0,
						"value": "0"
					}
				}
			],
			"actions": [
				{
					"id": "set-ignoring-input",
					"objectClass": "Thiago",
					"sid": 614501853847117,
					"behaviorType": "MovimentoEmGrid",
					"parameters": {
						"input": "start-ignoring"
					}
				},
				{
					"id": "set-opacity",
					"objectClass": "Sprite23",
					"sid": 136923399362733,
					"parameters": {
						"opacity": "100"
					}
				},
				{
					"id": "set-eventvar-value",
					"objectClass": "System",
					"sid": 509188422562488,
					"parameters": {
						"variable": "NotaLida",
						"value": "1"
					}
				},
				{
					"id": "wait",
					"objectClass": "System",
					"sid": 336871459297791,
					"parameters": {
						"seconds": "15",
						"use-timescale": true
					}
				},
				{
					"id": "destroy",
					"objectClass": "Sprite23",
					"sid": 412858465010775
				},
				{
					"id": "destroy",
					"objectClass": "Nota",
					"sid": 579938725532405
				},
				{
					"id": "set-ignoring-input",
					"objectClass": "Thiago",
					"sid": 101101968394197,
					"behaviorType": "MovimentoEmGrid",
					"parameters": {
						"input": "stop-ignoring"
					}
				},
				{
					"id": "wait",
					"objectClass": "System",
					"sid": 920307444103150,
					"parameters": {
						"seconds": "30",
						"use-timescale": true
					}
				},
				{
					"id": "set-enabled",
					"objectClass": "Ricardao",
					"sid": 438291046401339,
					"behaviorType": "MovimentoEmGrid",
					"parameters": {
						"state": "enabled"
					}
				},
				{
					"id": "set-enabled",
					"objectClass": "Ricardao",
					"sid": 266682732923107,
					"behaviorType": "Personalizado",
					"parameters": {
						"state": "enabled"
					}
				},
				{
					"id": "move-to-object",
					"objectClass": "Ricardao",
					"sid": 170354444506732,
					"behaviorType": "MoverPara",
					"parameters": {
						"object": "Thiago",
						"image-point": "0",
						"mode": "direct"
					}
				}
			],
			"sid": 103150833130603
		},
		{
			"eventType": "block",
			"conditions": [
				{
					"id": "on-collision-with-another-object",
					"objectClass": "PuzzleBebedouro",
					"sid": 988546988572493,
					"parameters": {
						"object": "Thiago"
					}
				},
				{
					"id": "compare-eventvar",
					"objectClass": "System",
					"sid": 375867540117856,
					"parameters": {
						"variable": "NotaLida",
						"comparison": 0,
						"value": "1"
					}
				}
			],
			"actions": [
				{
					"id": "create-object",
					"objectClass": "System",
					"sid": 997482258563162,
					"parameters": {
						"object-to-create": "EntradaDeTexto",
						"layer": "1",
						"x": "0",
						"y": "0",
						"create-hierarchy": false,
						"template-name": "\"\""
					}
				},
				{
					"id": "create-object",
					"objectClass": "System",
					"sid": 260351157877305,
					"parameters": {
						"object-to-create": "Texto7",
						"layer": "1",
						"x": "0",
						"y": "0",
						"create-hierarchy": false,
						"template-name": "\"\""
					}
				},
				{
					"id": "set-text",
					"objectClass": "EntradaDeTexto",
					"sid": 892839731851629,
					"parameters": {
						"text": "\"Código\""
					}
				},
				{
					"id": "move-to-layer",
					"objectClass": "EntradaDeTexto",
					"sid": 655305748537751,
					"parameters": {
						"layer": "1"
					}
				},
				{
					"id": "set-enabled",
					"objectClass": "EntradaDeTexto",
					"sid": 394145140470711,
					"parameters": {
						"mode": "enabled"
					}
				}
			],
			"sid": 686653957478623
		},
		{
			"eventType": "block",
			"conditions": [
				{
					"id": "on-key-pressed",
					"objectClass": "Teclado",
					"sid": 282430091451361,
					"parameters": {
						"key": 13
					}
				},
				{
					"id": "compare-eventvar",
					"objectClass": "System",
					"sid": 168842326932996,
					"parameters": {
						"variable": "CortadorCorrente",
						"comparison": 5,
						"value": "1"
					}
				},
				{
					"id": "compare-text",
					"objectClass": "EntradaDeTexto",
					"sid": 265981471162448,
					"parameters": {
						"text": "\"149\"",
						"case": "case-insensitive"
					}
				}
			],
			"actions": [
				{
					"id": "destroy",
					"objectClass": "EntradaDeTexto",
					"sid": 739123959811317
				},
				{
					"id": "create-object",
					"objectClass": "System",
					"sid": 275639109493771,
					"parameters": {
						"object-to-create": "Sprite26",
						"layer": "1",
						"x": "ViewportMidX(1)",
						"y": "ViewportMidY(1)",
						"create-hierarchy": false,
						"template-name": "\"\""
					}
				},
				{
					"id": "set-eventvar-value",
					"objectClass": "System",
					"sid": 325545748697007,
					"parameters": {
						"variable": "CofreAberto",
						"value": "1"
					}
				},
				{
					"id": "wait",
					"objectClass": "System",
					"sid": 557275822792544,
					"parameters": {
						"seconds": "3",
						"use-timescale": true
					}
				},
				{
					"id": "destroy",
					"objectClass": "Sprite26",
					"sid": 354773303122102
				}
			],
			"sid": 715437523141157
		},
		{
			"eventType": "block",
			"conditions": [
				{
					"id": "on-collision-with-another-object",
					"objectClass": "Thiago",
					"sid": 524732302135807,
					"parameters": {
						"object": "descerescada"
					}
				},
				{
					"id": "compare-eventvar",
					"objectClass": "System",
					"sid": 310858138408110,
					"parameters": {
						"variable": "CofreAberto",
						"comparison": 5,
						"value": "1"
					}
				},
				{
					"id": "compare-eventvar",
					"objectClass": "System",
					"sid": 272698780075867,
					"parameters": {
						"variable": "PaoObtido",
						"comparison": 5,
						"value": "1"
					}
				}
			],
			"actions": [
				{
					"id": "set-position",
					"objectClass": "Thiago",
					"sid": 134704058196274,
					"parameters": {
						"x": "1342",
						"y": "109"
					}
				}
			],
			"sid": 876632317370443
		},
		{
			"eventType": "block",
			"conditions": [
				{
					"id": "on-collision-with-another-object",
					"objectClass": "Ricardao",
					"sid": 202892682425740,
					"parameters": {
						"object": "Thiago"
					}
				}
			],
			"actions": [
				{
					"id": "set-scale",
					"objectClass": "Sprite9",
					"sid": 890262435053006,
					"parameters": {
						"scale": "131"
					}
				},
				{
					"id": "wait",
					"objectClass": "System",
					"sid": 497880224227735,
					"parameters": {
						"seconds": "5",
						"use-timescale": true
					}
				},
				{
					"id": "set-position",
					"objectClass": "Sprite9",
					"sid": 754867915170680,
					"parameters": {
						"x": "Thiago.X",
						"y": "Thiago.Y"
					}
				},
				{
					"id": "restart-layout",
					"objectClass": "System",
					"sid": 367758010695074
				}
			],
			"sid": 499254368941891
		},
		{
			"eventType": "block",
			"conditions": [
				{
					"id": "on-collision-with-another-object",
					"objectClass": "GatoParanaense",
					"sid": 373872486321393,
					"parameters": {
						"object": "Thiago"
					}
				},
				{
					"id": "compare-eventvar",
					"objectClass": "System",
					"sid": 435123001852229,
					"parameters": {
						"variable": "PaoObtido",
						"comparison": 0,
						"value": "1"
					}
				}
			],
			"actions": [
				{
					"id": "set-ignoring-input",
					"objectClass": "Thiago",
					"sid": 923395044831538,
					"behaviorType": "MovimentoEmGrid",
					"parameters": {
						"input": "start-ignoring"
					}
				},
				{
					"id": "wait",
					"objectClass": "System",
					"sid": 824966180622996,
					"parameters": {
						"seconds": "1",
						"use-timescale": true
					}
				},
				{
					"id": "set-visible",
					"objectClass": "Sprite28",
					"sid": 294513776793570,
					"parameters": {
						"visibility": "visible"
					}
				},
				{
					"id": "move-to-top",
					"objectClass": "Sprite28",
					"sid": 179730857080014
				},
				{
					"id": "wait",
					"objectClass": "System",
					"sid": 731054207325380,
					"parameters": {
						"seconds": "10",
						"use-timescale": true
					}
				},
				{
					"id": "set-visible",
					"objectClass": "Sprite28",
					"sid": 620297443657106,
					"parameters": {
						"visibility": "invisible"
					}
				},
				{
					"id": "wait",
					"objectClass": "System",
					"sid": 537628660952540,
					"parameters": {
						"seconds": "1",
						"use-timescale": true
					}
				},
				{
					"id": "set-visible",
					"objectClass": "Sprite29",
					"sid": 199188078398918,
					"parameters": {
						"visibility": "visible"
					}
				},
				{
					"id": "wait",
					"objectClass": "System",
					"sid": 678047260430617,
					"parameters": {
						"seconds": "13",
						"use-timescale": true
					}
				},
				{
					"id": "move-to-top",
					"objectClass": "Sprite29",
					"sid": 659538112623323
				},
				{
					"id": "set-visible",
					"objectClass": "Sprite29",
					"sid": 225615674176707,
					"parameters": {
						"visibility": "invisible"
					}
				},
				{
					"id": "wait",
					"objectClass": "System",
					"sid": 794649843819207,
					"parameters": {
						"seconds": "1",
						"use-timescale": true
					}
				},
				{
					"id": "set-visible",
					"objectClass": "Sprite27",
					"sid": 499609927782745,
					"parameters": {
						"visibility": "visible"
					}
				},
				{
					"id": "move-to-top",
					"objectClass": "Sprite27",
					"sid": 575463784235941
				},
				{
					"id": "move-to-top",
					"objectClass": "Texto9",
					"sid": 800513884334992
				},
				{
					"id": "set-visible",
					"objectClass": "Texto9",
					"sid": 278568357270342,
					"parameters": {
						"visibility": "visible"
					}
				},
				{
					"id": "wait",
					"objectClass": "System",
					"sid": 821203386382443,
					"parameters": {
						"seconds": "5",
						"use-timescale": true
					}
				},
				{
					"id": "set-visible",
					"objectClass": "Texto9",
					"sid": 347517317256275,
					"parameters": {
						"visibility": "invisible"
					}
				},
				{
					"id": "set-visible",
					"objectClass": "Texto10",
					"sid": 146741037541309,
					"parameters": {
						"visibility": "visible"
					}
				},
				{
					"id": "wait",
					"objectClass": "System",
					"sid": 374892864873622,
					"parameters": {
						"seconds": "5",
						"use-timescale": true
					}
				},
				{
					"id": "set-visible",
					"objectClass": "Texto10",
					"sid": 673645060979766,
					"parameters": {
						"visibility": "invisible"
					}
				},
				{
					"id": "set-visible",
					"objectClass": "Texto11",
					"sid": 280986488013482,
					"parameters": {
						"visibility": "visible"
					}
				},
				{
					"id": "wait",
					"objectClass": "System",
					"sid": 451291023799475,
					"parameters": {
						"seconds": "5",
						"use-timescale": true
					}
				},
				{
					"id": "set-visible",
					"objectClass": "Texto11",
					"sid": 191918787201255,
					"parameters": {
						"visibility": "invisible"
					}
				},
				{
					"id": "restart-layout",
					"objectClass": "System",
					"sid": 365562350513235
				}
			],
			"sid": 881607467668328
		}
	],
	"sid": 747463442667612
}